Image size: 512 x 512 Border: (0, 0, 0, 0)
Name	TotalMPP	TotalNPP	MeanMPP	MeanNPP	StdMPP	StdNPP	MinMPP	MinNPP	MaxMPP	MaxNPP	AbsoluteDifferenceMSec	RelativeDifference
Add for Pixel8uC1	6.81674	6.528	0.0570835	0.0477511	0.00850557	0.0156493	0.026624	0.0256	0.089088	0.068608	-0.000933246	-19.544
Add for Pixel8uC3	9.64125	50.2559	0.0752067	0.488735	0.0240034	0.0461808	0.045056	0.406688	0.223424	0.5704	0.0413528	549.856
Add for Pixel8uC4	6.67648	5.9607	0.0475715	0.0371427	0.0144952	0.0123856	0.031712	0.028672	0.082528	0.094208	-0.00104288	-28.0777
Add for Pixel16uC1	6.63578	6.25578	0.0479309	0.0445382	0.0155425	0.0170923	0.0256	0.0256	0.089088	0.10752	-0.000339264	-7.61736
Add for Pixel16uC3	8.73062	59.0172	0.0682634	0.575497	0.0291011	0.00989692	0.0336	0.510752	0.228	0.603392	0.0507234	743.054
Add for Pixel16uC4	7.08515	7.43149	0.0444023	0.0599664	0.0138923	0.011952	0.034816	0.044032	0.095232	0.082656	0.00155642	35.0526
Add for Pixel32fC1	9.33069	9.93792	0.0700787	0.0806778	0.0109287	0.0277014	0.065536	0.064512	0.151552	0.330464	0.00105991	15.1245
Add for Pixel32fC3	8.61594	8.44083	0.071959	0.0727869	0.0193128	0.00321763	0.043008	0.069632	0.198912	0.081696	8.27841e-05	1.15043
Add for Pixel32fC4	8.80947	10.4337	0.0764275	0.0897427	0.00967535	0.0194293	0.049856	0.049152	0.105088	0.228352	0.00133152	17.422
Sub for Pixel8uC1	6.12474	6.4473	0.0415501	0.041248	0.0149932	0.0363177	0.026624	0.0256	0.068448	0.367616	-3.02084e-05	-0.732361
Sub for Pixel8uC3	10.106	55.6914	0.0871958	0.542706	0.0205988	0.0359608	0.062464	0.4864	0.240352	0.818176	0.045551	522.399
Sub for Pixel8uC4	10.5434	10.0096	0.0912198	0.0869974	0.024017	0.0179963	0.047872	0.049152	0.22096	0.22912	-0.000422244	-4.85352
Sub for Pixel16uC1	6.99734	6.89274	0.0592221	0.0588794	0.00617235	0.00201839	0.029696	0.041984	0.086016	0.06656	-3.42712e-05	-0.582062
Sub for Pixel16uC3	9.46589	59.2015	0.081256	0.57531	0.0177916	0.0104683	0.06656	0.557312	0.222208	0.621568	0.0494054	608.021
Sub for Pixel16uC4	10.1622	9.94499	0.0882	0.0835818	0.0180173	0.0124156	0.06144	0.05424	0.216736	0.109184	-0.000461821	-5.52538
Sub for Pixel32fC1	10.9056	9.78637	0.0946842	0.0853389	0.015297	0.0132911	0.065376	0.065536	0.21504	0.165792	-0.000934528	-10.9508
Sub for Pixel32fC3	9.58362	9.50579	0.0813184	0.0782138	0.0190094	0.0233653	0.0536	0.0512	0.23552	0.241664	-0.000310462	-3.96941
Sub for Pixel32fC4	10.6875	10.9076	0.0918378	0.0944211	0.0213671	0.0130298	0.050048	0.050176	0.230176	0.134144	0.000258335	2.81294
Mul for Pixel8uC1	6.03152	9.12179	0.0385411	0.0676064	0.0135086	0.0229736	0.027456	0.027328	0.072704	0.246784	0.00290653	75.4137
Mul for Pixel8uC3	10.3854	55.3892	0.0901968	0.539781	0.0207342	0.0122162	0.052288	0.521216	0.246688	0.614144	0.0449584	498.448
Mul for Pixel8uC4	9.91437	10.3148	0.0856829	0.0901725	0.0160841	0.0113329	0.069504	0.067584	0.185344	0.146336	0.000448957	5.23975
Mul for Pixel16uC1	6.17062	6.16864	0.0379421	0.0318025	0.0158679	0.0194873	0.0256	0.026368	0.09728	0.201696	-0.000613952	-19.3051
Mul for Pixel16uC3	10.1632	11.3265	0.085592	0.0977686	0.0230256	0.0158106	0.047872	0.073632	0.234496	0.149504	0.00121766	14.2263
Mul for Pixel16uC4	11.1718	11.0019	0.0946455	0.0951827	0.0305457	0.0168539	0.046816	0.066464	0.251904	0.183296	5.37291e-05	0.567688
Mul for Pixel32fC1	10.6203	10.4038	0.0889837	0.0905686	0.0143552	0.0140718	0.048256	0.053248	0.172864	0.13312	0.000158496	1.78117
Mul for Pixel32fC3	9.68835	9.5737	0.0839088	0.0812058	0.0157909	0.0113119	0.07168	0.042976	0.22304	0.127712	-0.000270303	-3.32861
Mul for Pixel32fC4	11.4197	10.7346	0.099903	0.0937555	0.0290161	0.011754	0.055264	0.050016	0.331584	0.135168	-0.000614753	-6.55699
Div for Pixel8uC1	8.63133	9.40442	0.0683734	0.0718265	0.0196923	0.0126506	0.058368	0.067552	0.24064	0.165888	0.000345311	5.05037
Div for Pixel8uC3	10.2597	56.1663	0.0895607	0.547086	0.0350811	0.0154252	0.050144	0.497792	0.359424	0.623552	0.0457525	510.855
Div for Pixel8uC4	10.6906	9.28442	0.0938122	0.0798944	0.0162836	0.00604698	0.06656	0.070688	0.22016	0.099584	-0.00139178	-17.4202
Div for Pixel16uC1	11.1493	9.2201	0.0962896	0.0797616	0.0175191	0.0155127	0.044768	0.066464	0.197536	0.178144	-0.0016528	-20.7217
Div for Pixel16uC3	9.96045	11.4854	0.0858422	0.097487	0.0172858	0.0225969	0.04608	0.05104	0.21504	0.259072	0.00116448	13.5654
Div for Pixel16uC4	10.0927	11.4237	0.0872544	0.0977021	0.0171543	0.0124269	0.05088	0.07152	0.202752	0.132832	0.00104477	11.9738
Div for Pixel32fC1	11.3132	9.77203	0.0979949	0.0834211	0.0144396	0.0121328	0.067392	0.052224	0.21504	0.136192	-0.00145738	-17.4701
Div for Pixel32fC3	9.94816	10.5667	0.0794541	0.0910208	0.0303714	0.0167841	0.049152	0.049152	0.250976	0.17808	0.00115667	14.5577
Div for Pixel32fC4	11.2927	11.0531	0.0997072	0.0970221	0.0199495	0.0207165	0.068608	0.051168	0.234464	0.262336	-0.00026851	-2.76752
BoxFilter for Pixel8uC1 and filter size (5 x 5)	8.86784	12.715	0.0695053	0.102946	0.0169186	0.0094734	0.04608	0.050176	0.12288	0.125664	0.00334406	48.1123
BoxFilter for Pixel8uC3 and filter size (5 x 5)	10.278	11.6294	0.0862915	0.098008	0.0268415	0.0204006	0.044032	0.073664	0.242432	0.188416	0.00117165	13.5778
BoxFilter for Pixel8uC4 and filter size (5 x 5)	10.1523	10.7818	0.0878832	0.0948051	0.0221114	0.0113872	0.070592	0.068352	0.245472	0.142336	0.000692189	7.87624
BoxFilter for Pixel16uC1 and filter size (5 x 5)	11.0368	9.79763	0.0961958	0.0787891	0.0144035	0.0143123	0.06928	0.047104	0.139264	0.11696	-0.00174067	-22.0928
BoxFilter for Pixel16uC3 and filter size (5 x 5)	10.7018	12.2726	0.0891872	0.108282	0.0175162	0.0328514	0.048128	0.078496	0.190464	0.39936	0.00190947	21.4097
BoxFilter for Pixel16uC4 and filter size (5 x 5)	10.537	10.5309	0.0888147	0.0916557	0.0178131	0.0221908	0.055296	0.068608	0.211968	0.29728	0.0002841	3.1988
BoxFilter for Pixel32fC1 and filter size (5 x 5)	10.5441	9.92256	0.0926122	0.0782569	0.0135222	0.0222653	0.070016	0.047104	0.172736	0.2384	-0.00143552	-18.3437
BoxFilter for Pixel32fC3 and filter size (5 x 5)	11.037	11.8244	0.0936537	0.10435	0.0124293	0.0132369	0.053248	0.075776	0.123904	0.144384	0.00106963	11.4211
BoxFilter for Pixel32fC4 and filter size (5 x 5)	11.2722	11.3111	0.0981162	0.0997769	0.0198408	0.0093416	0.051904	0.06656	0.21376	0.149504	0.000166079	1.69267
BoxFilter for Pixel8uC1 and filter size (9 x 9)	11.5589	32.4877	0.090031	0.29421	0.0269448	0.00518609	0.052128	0.29184	0.258048	0.336896	0.0204179	226.788
BoxFilter for Pixel8uC3 and filter size (9 x 9)	11.3564	17.1848	0.100195	0.156881	0.0182381	0.0159535	0.058368	0.153344	0.22192	0.283648	0.00566857	56.5755
BoxFilter for Pixel8uC4 and filter size (9 x 9)	10.9477	19.8614	0.0936586	0.186182	0.0137978	0.00291361	0.050176	0.185152	0.139264	0.205824	0.00925239	98.7885
BoxFilter for Pixel16uC1 and filter size (9 x 9)	10.3352	19.967	0.0899299	0.187386	0.0174308	0.000945234	0.066528	0.183296	0.216064	0.192256	0.0097456	108.369
BoxFilter for Pixel16uC3 and filter size (9 x 9)	11.4361	17.958	0.100268	0.167093	0.0266788	0.0252182	0.067584	0.159744	0.25984	0.37248	0.0066825	66.6463
BoxFilter for Pixel16uC4 and filter size (9 x 9)	10.9076	19.4124	0.0952128	0.181663	0.0216042	0.00526238	0.062464	0.177152	0.217984	0.232224	0.00864502	90.7968
BoxFilter for Pixel32fC1 and filter size (9 x 9)	9.83654	14.846	0.0786595	0.131704	0.0167277	0.0083452	0.044032	0.12288	0.17408	0.164608	0.00530448	67.4359
BoxFilter for Pixel32fC3 and filter size (9 x 9)	11.5425	17.4684	0.0994074	0.159913	0.0140506	0.00662955	0.07168	0.155648	0.155264	0.223232	0.00605059	60.8666
BoxFilter for Pixel32fC4 and filter size (9 x 9)	11.1002	19.8789	0.097639	0.185797	0.0172576	0.0107088	0.068608	0.17488	0.243712	0.259072	0.00881584	90.2901
BoxFilter for Pixel8uC1 and filter size (11 x 11)	18.728	42.3936	0.174581	0.399079	0.00401269	0.00282251	0.172992	0.397312	0.200704	0.424704	0.0224498	128.592
BoxFilter for Pixel8uC3 and filter size (11 x 11)	11.8415	22.6447	0.102037	0.212866	0.0286799	0.00445089	0.068608	0.207872	0.291904	0.252896	0.0110828	108.615
BoxFilter for Pixel8uC4 and filter size (11 x 11)	11.8866	26.8892	0.101664	0.255005	0.0132995	0.00841703	0.08192	0.249856	0.166912	0.332736	0.0153341	150.831
BoxFilter for Pixel16uC1 and filter size (11 x 11)	11.0756	26.6222	0.0964944	0.253053	0.0104124	0.00724504	0.063488	0.247808	0.157312	0.319488	0.0156559	162.247
BoxFilter for Pixel16uC3 and filter size (11 x 11)	14.1507	24.0148	0.123637	0.224913	0.0468588	0.00724936	0.07584	0.221184	0.360448	0.279392	0.0101277	81.9145
BoxFilter for Pixel16uC4 and filter size (11 x 11)	11.6685	26.8425	0.0988627	0.255758	0.0205769	0.00256503	0.07136	0.251904	0.2304	0.27744	0.0156895	158.7
BoxFilter for Pixel32fC1 and filter size (11 x 11)	10.8104	18.4504	0.0937578	0.167597	0.0127927	0.00867252	0.055296	0.16384	0.14848	0.218112	0.00738396	78.7557
BoxFilter for Pixel32fC3 and filter size (11 x 11)	12.1293	23.8799	0.104811	0.225582	0.0124192	0.00307644	0.08192	0.22016	0.139264	0.246656	0.0120771	115.227
BoxFilter for Pixel32fC4 and filter size (11 x 11)	11.7852	26.4059	0.101206	0.250808	0.0156973	0.00787544	0.075584	0.235328	0.146208	0.279552	0.0149602	147.819
BoxFilter for Pixel8uC1 and filter size (21 x 21)	26.0261	108.961	0.230474	1.07834	0.0109221	0.00436291	0.224256	1.0752	0.294848	1.10694	0.0847865	367.879
BoxFilter for Pixel8uC3 and filter size (21 x 21)	14.8688	69.0115	0.135577	0.669216	0.018166	0.00446763	0.101376	0.664576	0.265088	0.693184	0.0533639	393.605
BoxFilter for Pixel8uC4 and filter size (21 x 21)	15.1289	83.159	0.134693	0.813847	0.0231028	0.0089568	0.124928	0.809984	0.292864	0.897888	0.0679153	504.221
BoxFilter for Pixel16uC1 and filter size (21 x 21)	13.3806	70.8741	0.114935	0.694702	0.0225497	0.00304101	0.094016	0.690176	0.252928	0.707584	0.0579767	504.432
BoxFilter for Pixel16uC3 and filter size (21 x 21)	13.2198	74.71	0.116467	0.730533	0.0201857	0.00410818	0.108544	0.724992	0.275456	0.747392	0.0614066	527.245
BoxFilter for Pixel16uC4 and filter size (21 x 21)	14.2696	78.8787	0.128774	0.774372	0.00910136	0.00464107	0.104448	0.769024	0.145536	0.794624	0.0645598	501.341
BoxFilter for Pixel32fC1 and filter size (21 x 21)	11.991	47.19	0.103072	0.456853	0.0204634	0.00381391	0.075776	0.452608	0.227328	0.485376	0.0353781	343.236
BoxFilter for Pixel32fC3 and filter size (21 x 21)	15.49	75.4719	0.135525	0.733752	0.0174421	0.0129407	0.131072	0.715776	0.290816	0.800768	0.0598227	441.415
BoxFilter for Pixel32fC4 and filter size (21 x 21)	14.719	73.7044	0.131497	0.722454	0.0202245	0.0420908	0.121856	0.656384	0.308224	0.914432	0.0590957	449.407
BoxFilter for Pixel8uC1 and filter size (51 x 51)	48.8581	561.596	0.474331	5.60271	0.0220294	0.0445277	0.468992	5.59085	0.656384	5.92979	0.512838	1081.18
BoxFilter for Pixel8uC3 and filter size (51 x 51)	26.6813	384.22	0.252618	3.82456	0.00732636	0.058305	0.246816	3.80723	0.322272	4.20966	0.357194	1413.97
BoxFilter for Pixel8uC4 and filter size (51 x 51)	31.4615	451.403	0.299923	4.49126	0.0182096	0.0266269	0.292864	4.47795	0.475264	4.74317	0.419134	1397.47
BoxFilter for Pixel16uC1 and filter size (51 x 51)	21.4129	360.498	0.197805	3.58653	0.00189047	0.0248298	0.19456	3.55942	0.212992	3.8185	0.338873	1713.16
BoxFilter for Pixel16uC3 and filter size (51 x 51)	29.2639	417.574	0.27863	4.15632	0.00615719	0.0429203	0.274432	4.10522	0.323392	4.45622	0.387769	1391.7
BoxFilter for Pixel16uC4 and filter size (51 x 51)	31.145	432.057	0.296621	4.30014	0.00281396	0.0500552	0.287456	4.23424	0.310272	4.62438	0.400352	1349.71
BoxFilter for Pixel32fC1 and filter size (51 x 51)	19.1539	235.672	0.171334	2.33937	0.0149598	0.0318267	0.164864	2.3081	0.306176	2.62554	0.216804	1265.39
BoxFilter for Pixel32fC3 and filter size (51 x 51)	37.4497	428.901	0.358996	4.27036	0.00484816	0.0628247	0.354304	4.22813	0.375808	4.83328	0.391136	1089.53
BoxFilter for Pixel32fC4 and filter size (51 x 51)	61.0531	450.173	0.595764	4.48273	0.0346067	0.0979313	0.55808	4.17373	0.696288	4.89165	0.388697	652.434
BoxFilter for Pixel8uC1 and filter size (101 x 101)	98.774	2115.15	0.963901	21.1288	0.0268115	0.162471	0.95744	21.0586	1.15098	21.847	2.01649	2092.01
BoxFilter for Pixel8uC3 and filter size (101 x 101)	99.5135	1503.2	0.96878	14.9334	0.0231547	0.219358	0.960512	14.7323	1.19091	15.8003	1.39647	1441.47
BoxFilter for Pixel8uC4 and filter size (101 x 101)	72.235	1743.72	0.707119	17.3976	0.0197129	0.170355	0.700416	17.3312	0.897984	18.3785	1.66905	2360.34
BoxFilter for Pixel16uC1 and filter size (101 x 101)	46.9467	1324.58	0.450486	13.2142	0.0210952	0.129572	0.444416	13.1604	0.643968	13.8701	1.27637	2833.33
BoxFilter for Pixel16uC3 and filter size (101 x 101)	88.0549	1627.87	0.866294	16.2463	0.0162251	0.18928	0.844512	15.957	0.895072	17.0168	1.538	1775.37
BoxFilter for Pixel16uC4 and filter size (101 x 101)	85.1446	1672.66	0.837023	16.6962	0.019066	0.205617	0.810752	16.3981	0.985152	18.0204	1.58592	1894.71
BoxFilter for Pixel32fC1 and filter size (101 x 101)	42.7151	900.544	0.412358	8.95152	0.00334857	0.147012	0.4096	8.72653	0.432128	9.82426	0.853916	2070.81
BoxFilter for Pixel32fC3 and filter size (101 x 101)	138.038	1687.32	1.36024	16.8391	0.0743505	0.182812	1.30048	16.5701	2.06314	17.5974	1.54788	1137.95
BoxFilter for Pixel32fC4 and filter size (101 x 101)	164.456	1712.8	1.62905	17.0915	0.0553208	0.227828	1.57594	15.9181	2.00182	18.0132	1.54625	949.168
BoxFilter for Pixel8uC1 and filter size (151 x 151)	156.768	4692.59	1.54758	46.8934	0.0541551	0.251573	1.53088	46.7251	1.98042	47.572	4.53458	2930.1
BoxFilter for Pixel8uC3 and filter size (151 x 151)	173.037	3326.5	1.71461	33.2312	0.0760982	0.36799	1.6864	32.7301	2.16342	34.5147	3.15166	1838.13
BoxFilter for Pixel8uC4 and filter size (151 x 151)	194.9	3831.41	1.93345	38.2782	0.0649311	0.233685	1.91693	38.1327	2.39411	39.0175	3.63447	1879.79
BoxFilter for Pixel16uC1 and filter size (151 x 151)	72.6601	2978.51	0.705944	29.7539	0.0323216	0.225434	0.698368	29.6509	1.024	30.6022	2.9048	4114.77
BoxFilter for Pixel16uC3 and filter size (151 x 151)	152.073	3697.38	1.50506	36.931	0.0779285	0.316577	1.43866	36.5414	1.90941	37.9309	3.54259	2353.78
BoxFilter for Pixel16uC4 and filter size (151 x 151)	146.461	3696.23	1.4475	36.9263	0.0930429	0.378769	1.36806	36.3203	1.84934	38.3734	3.54788	2451.05
BoxFilter for Pixel32fC1 and filter size (151 x 151)	72.49	1980.09	0.710415	19.7694	0.0832956	0.236454	0.673792	19.3638	1.16918	20.737	1.9059	2682.79
BoxFilter for Pixel32fC3 and filter size (151 x 151)	266.406	3765.65	2.64543	37.6215	0.0900742	0.318317	2.53952	37.0237	3.11398	38.5321	3.4976	1322.13
BoxFilter for Pixel32fC4 and filter size (151 x 151)	312.428	3867.52	3.10644	38.6388	0.126342	0.289494	3.00339	37.3053	3.74784	39.3541	3.55323	1143.83
ColumnWindowSum for Pixel8uC1 and filter size (1 x 11)	9.97907	10.1181	0.0864458	0.0874032	0.0432403	0.0200155	0.068512	0.074432	0.50176	0.2048	9.57407e-05	1.10753
ColumnWindowSum for Pixel8uC3 and filter size (1 x 11)	11.4434	10.7172	0.0951725	0.094703	0.0238607	0.028144	0.057344	0.069632	0.248448	0.36464	-4.69446e-05	-0.495705
ColumnWindowSum for Pixel8uC4 and filter size (1 x 11)	10.6015	11.3767	0.0885747	0.0942397	0.0102601	0.0177149	0.054272	0.054272	0.136192	0.217088	0.0005665	6.39572
ColumnWindowSum for Pixel16uC1 and filter size (1 x 11)	10.412	10.1982	0.087937	0.0855926	0.0202682	0.0147608	0.045056	0.059392	0.2344	0.154624	-0.000234433	-2.73894
ColumnWindowSum for Pixel16uC3 and filter size (1 x 11)	11.0647	10.6209	0.0942336	0.0937696	0.0407808	0.0284153	0.058336	0.070464	0.47616	0.366592	-4.64022e-05	-0.49485
ColumnWindowSum for Pixel16uC4 and filter size (1 x 11)	10.4798	10.7571	0.0887127	0.092009	0.00776818	0.0161512	0.05632	0.05632	0.124928	0.188416	0.000329634	3.71574
RowWindowSum for Pixel8uC1 and filter size (11 x 1)	9.91744	9.88262	0.084664	0.0839213	0.0287318	0.0312851	0.050176	0.0512	0.352256	0.367616	-7.42711e-05	-0.88501
RowWindowSum for Pixel8uC3 and filter size (11 x 1)	11.4821	11.3299	0.0932864	0.0997751	0.0440099	0.0302008	0.048128	0.052224	0.366432	0.379904	0.000648867	6.95564
RowWindowSum for Pixel8uC4 and filter size (11 x 1)	10.9189	10.5546	0.0894515	0.0922647	0.0203931	0.0388754	0.047104	0.067456	0.216096	0.356352	0.000281313	3.14486
RowWindowSum for Pixel16uC1 and filter size (11 x 1)	10.411	9.6471	0.0867056	0.0816669	0.0348285	0.0312158	0.03584	0.044032	0.356064	0.36432	-0.000503872	-6.16985
RowWindowSum for Pixel16uC3 and filter size (11 x 1)	11.5897	11.3872	0.0996832	0.100349	0.0340646	0.035915	0.050176	0.067424	0.369664	0.356352	6.65568e-05	0.667679
RowWindowSum for Pixel16uC4 and filter size (11 x 1)	11.9286	11.4657	0.100553	0.101875	0.0362911	0.0312772	0.0512	0.068608	0.385024	0.385984	0.000132223	1.31496
LowPassFilter for Pixel8uC1 and filter size (3 x 3)	11.6442	10.5587	0.100209	0.0873437	0.0348442	0.0189528	0.060352	0.044032	0.315392	0.142496	-0.00128656	-14.7299
LowPassFilter for Pixel8uC3 and filter size (3 x 3)	10.2831	57.7523	0.0858493	0.562326	0.0196321	0.0391128	0.044032	0.492768	0.2304	0.801888	0.0476477	555.016
LowPassFilter for Pixel8uC4 and filter size (3 x 3)	10.3425	9.99632	0.0892544	0.0800781	0.0380994	0.0180194	0.043008	0.050176	0.354304	0.165856	-0.000917634	-11.4592
LowPassFilter for Pixel16uC1 and filter size (3 x 3)	11.1031	9.79968	0.0939657	0.0850051	0.0191592	0.0123146	0.03072	0.0544	0.213024	0.151456	-0.000896059	-10.5412
LowPassFilter for Pixel16uC3 and filter size (3 x 3)	10.583	11.1207	0.0900976	0.0966067	0.0252631	0.0229472	0.050176	0.067584	0.264192	0.265216	0.000650913	7.22453
LowPassFilter for Pixel16uC4 and filter size (3 x 3)	10.1787	10.6581	0.0857078	0.0896176	0.0260336	0.0158502	0.050912	0.04608	0.290816	0.171776	0.000390974	4.56171
LowPassFilter for Pixel32fC1 and filter size (3 x 3)	10.6643	9.83008	0.0860301	0.0813315	0.0165384	0.0105147	0.032768	0.032768	0.189696	0.1024	-0.000469857	-5.77705
LowPassFilter for Pixel32fC3 and filter size (3 x 3)	11.5456	10.5175	0.0983757	0.0843098	0.057106	0.0161489	0.052224	0.049152	0.519904	0.121856	-0.00140659	-16.6836
LowPassFilter for Pixel32fC4 and filter size (3 x 3)	11.7094	11.0582	0.0984784	0.0965792	0.0314725	0.0319867	0.050176	0.069472	0.384736	0.398272	-0.000189919	-1.96646
LowPassFilter for Pixel8uC1 and filter size (5 x 5)	10.0055	10.3526	0.0851101	0.085672	0.0218054	0.0308013	0.043008	0.047104	0.245888	0.36352	5.6193e-05	0.66024
LowPassFilter for Pixel8uC3 and filter size (5 x 5)	9.94435	10.8505	0.0852397	0.0962845	0.0331655	0.0111701	0.053248	0.079808	0.39696	0.19424	0.00110448	12.9573
LowPassFilter for Pixel8uC4 and filter size (5 x 5)	9.59795	11.2282	0.082983	0.0953751	0.0243219	0.0423324	0.0512	0.05616	0.26928	0.485376	0.0012392	14.9332
LowPassFilter for Pixel16uC1 and filter size (5 x 5)	10.6643	10.1612	0.0937046	0.083753	0.0263468	0.0435232	0.069632	0.05136	0.310272	0.488448	-0.000995167	-11.8822
LowPassFilter for Pixel16uC3 and filter size (5 x 5)	11.3266	11.4493	0.096168	0.09408	0.0183993	0.0212875	0.049152	0.067584	0.1712	0.26208	-0.000208797	-2.21935
LowPassFilter for Pixel16uC4 and filter size (5 x 5)	10.6304	10.155	0.0921754	0.0833606	0.0150331	0.0235012	0.055296	0.057184	0.212992	0.229376	-0.000881473	-10.5742
LowPassFilter for Pixel32fC1 and filter size (5 x 5)	10.9026	9.56928	0.0908474	0.0830963	0.034852	0.0282261	0.037888	0.059328	0.342016	0.352256	-0.000775105	-9.32779
LowPassFilter for Pixel32fC3 and filter size (5 x 5)	11.0367	11.3349	0.0943862	0.0987498	0.0222044	0.0175606	0.059392	0.070656	0.261856	0.185344	0.000436352	4.62305
LowPassFilter for Pixel32fC4 and filter size (5 x 5)	12.0074	10.8698	0.106449	0.0954602	0.0559295	0.0186228	0.07552	0.068576	0.584704	0.232448	-0.00109885	-11.511
GaussFilter for Pixel8uC1 and filter size (3 x 3)	10.6025	9.04496	0.0905642	0.0779965	0.0290019	0.0133268	0.045024	0.05024	0.302144	0.190464	-0.00125677	-16.1132
GaussFilter for Pixel8uC3 and filter size (3 x 3)	10.8115	10.02	0.0907734	0.0813293	0.0588956	0.023223	0.049152	0.043008	0.578368	0.214016	-0.000944417	-11.6123
GaussFilter for Pixel8uC4 and filter size (3 x 3)	9.88365	10.9784	0.0858953	0.0943846	0.0173843	0.013747	0.058368	0.064512	0.207872	0.13312	0.00084893	9.88329
GaussFilter for Pixel16uC1 and filter size (3 x 3)	10.452	9.20269	0.0904806	0.0778102	0.0132583	0.0111404	0.066304	0.05232	0.124	0.101376	-0.00126704	-16.2837
GaussFilter for Pixel16uC3 and filter size (3 x 3)	10.5892	10.6209	0.0916397	0.0916557	0.0178608	0.0118733	0.065728	0.0512	0.241664	0.147456	1.59889e-06	0.0174561
GaussFilter for Pixel16uC4 and filter size (3 x 3)	10.455	10.9172	0.0904608	0.0947197	0.0154217	0.0185028	0.055296	0.059488	0.210816	0.216128	0.000425886	4.70797
GaussFilter for Pixel32fC1 and filter size (3 x 3)	10.244	10.3823	0.0864877	0.0909753	0.0136141	0.0149142	0.031744	0.067584	0.165888	0.162816	0.000448766	5.18879
GaussFilter for Pixel32fC3 and filter size (3 x 3)	10.2492	10.4182	0.083088	0.0869942	0.0230998	0.0178795	0.050176	0.050176	0.167936	0.1536	0.000390626	4.70135
GaussFilter for Pixel32fC4 and filter size (3 x 3)	10.411	9.71987	0.0907472	0.0801747	0.0272231	0.0135531	0.069632	0.04688	0.234496	0.140704	-0.00105725	-13.1868
GaussFilter for Pixel8uC1 and filter size (5 x 5)	11.5948	10.1736	0.0986205	0.0839277	0.0943586	0.0251439	0.052224	0.053024	0.964672	0.262784	-0.00146928	-17.5065
GaussFilter for Pixel8uC3 and filter size (5 x 5)	10.0598	10.5605	0.0820445	0.0926186	0.0227501	0.0191003	0.052192	0.055296	0.208608	0.225312	0.00105741	12.8883
GaussFilter for Pixel8uC4 and filter size (5 x 5)	9.70893	10.9394	0.0807248	0.0952525	0.0215383	0.0138287	0.050912	0.0512	0.214016	0.141312	0.00145276	17.9965
GaussFilter for Pixel16uC1 and filter size (5 x 5)	10.4919	10.3393	0.0924394	0.0900378	0.0188808	0.00948671	0.064512	0.068608	0.242688	0.116736	-0.000240162	-2.66734
GaussFilter for Pixel16uC3 and filter size (5 x 5)	11.4883	10.8999	0.100036	0.0897587	0.0310897	0.00694893	0.058368	0.0768	0.257024	0.126976	-0.00102771	-11.4497
GaussFilter for Pixel16uC4 and filter size (5 x 5)	10.9117	11.05	0.0943702	0.0981603	0.019973	0.00717972	0.04608	0.078848	0.219776	0.125856	0.000379011	4.0162
GaussFilter for Pixel32fC1 and filter size (5 x 5)	10.1622	10.1028	0.086721	0.0880521	0.0263287	0.0148355	0.048128	0.070496	0.292864	0.178176	0.000133118	1.53501
GaussFilter for Pixel32fC3 and filter size (5 x 5)	11.8436	11.7903	0.103722	0.10153	0.04461	0.0145407	0.055296	0.053248	0.400384	0.123904	-0.0002192	-2.15897
GaussFilter for Pixel32fC4 and filter size (5 x 5)	11.4883	10.615	0.0976979	0.0916864	0.0139018	0.029056	0.0512	0.050176	0.129024	0.344064	-0.000601145	-6.55653
GaussFilter for Pixel8uC1 and filter size (7 x 7)	10.4806	9.74746	0.0868538	0.0827766	0.0237217	0.0115169	0.049152	0.052224	0.23552	0.113504	-0.000407712	-4.92545
GaussFilter for Pixel8uC3 and filter size (7 x 7)	10.789	10.8749	0.0901286	0.0966653	0.0211577	0.0128771	0.049152	0.083776	0.237568	0.2184	0.000653663	7.25255
GaussFilter for Pixel8uC4 and filter size (7 x 7)	10.7296	10.709	0.0901853	0.0950966	0.0202002	0.00496067	0.045056	0.078848	0.210944	0.123904	0.000491136	5.44586
GaussFilter for Pixel16uC1 and filter size (7 x 7)	11.0397	9.65766	0.0974864	0.0822054	0.0178303	0.0125507	0.049216	0.053248	0.226208	0.165184	-0.0015281	-18.5888
GaussFilter for Pixel16uC3 and filter size (7 x 7)	10.3188	14.2593	0.0909398	0.125782	0.0209636	0.12407	0.0768	0.069472	0.237504	0.998336	0.00348419	38.3132
GaussFilter for Pixel16uC4 and filter size (7 x 7)	11.3828	11.394	0.100901	0.10113	0.0202097	0.0139091	0.069632	0.069632	0.216064	0.15456	2.2877e-05	0.226723
GaussFilter for Pixel32fC1 and filter size (7 x 7)	11.2466	10.3773	0.0851849	0.0845607	0.031706	0.0325455	0.039936	0.04992	0.34816	0.330752	-6.24277e-05	-0.738266
GaussFilter for Pixel32fC3 and filter size (7 x 7)	11.039	10.8042	0.0978621	0.0955488	0.0217075	0.0103708	0.068448	0.079776	0.24368	0.192768	-0.000231324	-2.42101
GaussFilter for Pixel32fC4 and filter size (7 x 7)	11.0428	10.8165	0.0958912	0.0948794	0.0188936	0.0129751	0.058368	0.07168	0.226304	0.140288	-0.00010118	-1.06641
GaussFilter for Pixel8uC1 and filter size (9 x 9)	10.9879	10.6568	0.0930944	0.0909197	0.0200305	0.0171233	0.052	0.04608	0.23552	0.133984	-0.000217472	-2.39191
GaussFilter for Pixel8uC3 and filter size (9 x 9)	11.7987	11.2705	0.10474	0.0949773	0.0249986	0.0215362	0.053184	0.077824	0.242688	0.282624	-0.000976317	-10.2795
GaussFilter for Pixel8uC4 and filter size (9 x 9)	11.0626	11.4763	0.0940269	0.0998397	0.0211187	0.0143795	0.048128	0.072704	0.222208	0.167936	0.000581279	6.18205
GaussFilter for Pixel16uC1 and filter size (9 x 9)	10.5011	10.8308	0.0921386	0.0911219	0.0155323	0.0200243	0.06656	0.050176	0.216064	0.18144	-0.000101665	-1.11571
GaussFilter for Pixel16uC3 and filter size (9 x 9)	10.874	12.4221	0.0920528	0.10962	0.0217046	0.0190512	0.060384	0.079872	0.236544	0.244448	0.00175674	19.084
GaussFilter for Pixel16uC4 and filter size (9 x 9)	10.839	12.1948	0.0958957	0.101524	0.0196785	0.0298706	0.070656	0.070656	0.242656	0.199776	0.000562779	5.86865
GaussFilter for Pixel32fC1 and filter size (9 x 9)	9.88064	10.1766	0.0786275	0.0847488	0.0159807	0.0167561	0.043008	0.053248	0.17408	0.160992	0.00061213	7.78519
GaussFilter for Pixel32fC3 and filter size (9 x 9)	11.5467	11.4597	0.0971834	0.0970896	0.0148445	0.0161451	0.07168	0.074656	0.156672	0.132096	-9.37656e-06	-0.0965729
GaussFilter for Pixel32fC4 and filter size (9 x 9)	11.2906	10.9763	0.0986794	0.096432	0.0177457	0.0070094	0.069632	0.081728	0.228352	0.132288	-0.000224733	-2.33048
GaussFilter for Pixel8uC1 and filter size (11 x 11)	10.8237	11.3983	0.0933306	0.098257	0.0263228	0.0621273	0.050496	0.050176	0.2496	0.67584	0.000492641	5.27846
GaussFilter for Pixel8uC3 and filter size (11 x 11)	11.2404	12.1047	0.098768	0.10341	0.02601	0.0125592	0.058368	0.089888	0.259072	0.13312	0.000464223	4.70013
GaussFilter for Pixel8uC4 and filter size (11 x 11)	10.8107	11.7678	0.0957216	0.102371	0.00961536	0.0121406	0.07168	0.078848	0.123744	0.137056	0.000664958	6.94679
GaussFilter for Pixel16uC1 and filter size (11 x 11)	9.53958	12.7816	0.0833216	0.111364	0.0145356	0.0889969	0.055296	0.067584	0.219104	0.918528	0.00280429	33.6562
GaussFilter for Pixel16uC3 and filter size (11 x 11)	12.1999	12.5903	0.105078	0.111529	0.0211454	0.0303048	0.068608	0.094208	0.210944	0.320416	0.000645089	6.13914
GaussFilter for Pixel16uC4 and filter size (11 x 11)	13.0591	12.487	0.115801	0.104661	0.0478119	0.0231379	0.069248	0.079872	0.495616	0.19456	-0.00111405	-10.6444
GaussFilter for Pixel32fC1 and filter size (11 x 11)	11.4313	10.196	0.0996355	0.0886551	0.0304543	0.0102855	0.047104	0.06656	0.252896	0.10752	-0.00109804	-12.3856
GaussFilter for Pixel32fC3 and filter size (11 x 11)	12.1675	11.4893	0.106176	0.100716	0.0122785	0.0139294	0.079872	0.080704	0.1512	0.159744	-0.000546019	-5.42138
GaussFilter for Pixel32fC4 and filter size (11 x 11)	11.7977	11.9603	0.101062	0.100988	0.0203771	0.0275577	0.073728	0.072576	0.258048	0.340992	-7.36266e-06	-0.0729065
GaussFilter for Pixel8uC1 and filter size (13 x 13)	12.4989	10.5236	0.11105	0.0923536	0.0322075	0.00780687	0.054272	0.055296	0.367616	0.120832	-0.00186963	-20.2443
GaussFilter for Pixel8uC3 and filter size (13 x 13)	10.9742	14.3741	0.096575	0.13109	0.01522	0.0125495	0.07168	0.104448	0.22496	0.173056	0.00345152	35.7393
GaussFilter for Pixel8uC4 and filter size (13 x 13)	10.3335	12.2697	0.0912854	0.105653	0.0123672	0.0143612	0.071456	0.089088	0.168608	0.158496	0.00143677	15.7393
GaussFilter for Pixel16uC1 and filter size (13 x 13)	9.67066	10.7715	0.0844787	0.0951901	0.0203183	0.0115167	0.060384	0.072704	0.238592	0.16384	0.00107113	12.6793
GaussFilter for Pixel16uC3 and filter size (13 x 13)	12.5901	14.7548	0.109271	0.134895	0.0383639	0.0218276	0.074464	0.109568	0.374784	0.25168	0.0025624	23.45
GaussFilter for Pixel16uC4 and filter size (13 x 13)	12.1979	12.1887	0.106764	0.107936	0.0364206	0.0135921	0.07248	0.089952	0.376832	0.130048	0.000117186	1.09762
GaussFilter for Pixel32fC1 and filter size (13 x 13)	10.652	10.8493	0.0882253	0.0945764	0.0256197	0.0166379	0.049152	0.055296	0.284672	0.156608	0.000635108	7.19872
GaussFilter for Pixel32fC3 and filter size (13 x 13)	12.2051	11.9831	0.10613	0.10498	0.02401	0.0124222	0.088992	0.089088	0.318464	0.135168	-0.000115042	-1.09586
GaussFilter for Pixel32fC4 and filter size (13 x 13)	11.6984	11.0202	0.102194	0.0908218	0.010578	0.015622	0.08192	0.074752	0.139264	0.134144	-0.00113718	-12.521
GaussFilter for Pixel8uC1 and filter size (15 x 15)	10.6598	10.5073	0.0923328	0.0923456	0.0105533	0.00446777	0.057344	0.07168	0.134944	0.104448	1.28075e-06	0.0138779
GaussFilter for Pixel8uC3 and filter size (15 x 15)	11.7258	15.6191	0.103348	0.142867	0.025258	0.00657794	0.078784	0.11264	0.268992	0.14928	0.00395193	38.2393
GaussFilter for Pixel8uC4 and filter size (15 x 15)	11.3306	14.38	0.0985815	0.130237	0.0161853	0.0192752	0.062464	0.099936	0.221184	0.258752	0.00316557	32.1112
GaussFilter for Pixel16uC1 and filter size (15 x 15)	10.4909	10.6299	0.0891264	0.0935549	0.0194212	0.0144715	0.045056	0.06752	0.210944	0.205824	0.000442851	4.9688
GaussFilter for Pixel16uC3 and filter size (15 x 15)	12.4306	15.9017	0.10776	0.13462	0.0295037	0.0145541	0.079872	0.115456	0.284672	0.161792	0.00268604	24.9262
GaussFilter for Pixel16uC4 and filter size (15 x 15)	12.1826	14.0308	0.101555	0.126252	0.0204383	0.0183916	0.075776	0.099328	0.19456	0.263168	0.00246973	24.3192
GaussFilter for Pixel32fC1 and filter size (15 x 15)	11.1852	10.5411	0.098344	0.0928979	0.0198275	0.00820085	0.069632	0.074592	0.241664	0.127808	-0.000544607	-5.86241
GaussFilter for Pixel32fC3 and filter size (15 x 15)	15.3651	15.1421	0.136969	0.132128	0.0234527	0.0159571	0.099328	0.101376	0.269312	0.228352	-0.000484033	-3.66335
GaussFilter for Pixel32fC4 and filter size (15 x 15)	12.3136	11.6903	0.106349	0.102325	0.0108634	0.017071	0.08704	0.083968	0.135968	0.24064	-0.000402463	-3.93319
GaussAdvancedFilter for Pixel8uC1 and filter size (7 x 7)	10.2164	10.5257	0.0834928	0.0928586	0.0204459	0.00583745	0.04608	0.073728	0.17408	0.105408	0.000936576	11.2174
GaussAdvancedFilter for Pixel8uC3 and filter size (7 x 7)	11.9013	11.3912	0.104892	0.0997747	0.0160868	0.0119036	0.054272	0.07984	0.146432	0.14336	-0.000511777	-5.12933
GaussAdvancedFilter for Pixel8uC4 and filter size (7 x 7)	10.3895	11.9819	0.0915165	0.102654	0.0163071	0.0206739	0.069248	0.067584	0.22528	0.281344	0.00111379	12.1704
GaussAdvancedFilter for Pixel16uC1 and filter size (7 x 7)	10.3621	10.7059	0.0896774	0.0946816	0.0199633	0.00733728	0.066464	0.069728	0.238592	0.13104	0.000500416	5.58018
GaussAdvancedFilter for Pixel16uC3 and filter size (7 x 7)	11.0378	11.3183	0.0958169	0.0940301	0.0234616	0.0149639	0.068608	0.077824	0.254976	0.17072	-0.000178684	-1.90029
GaussAdvancedFilter for Pixel16uC4 and filter size (7 x 7)	11.134	11.5507	0.097352	0.0996937	0.0160906	0.0100149	0.055296	0.074496	0.216064	0.128	0.000234171	2.4054
GaussAdvancedFilter for Pixel32fC1 and filter size (7 x 7)	10.0004	10.7747	0.0858176	0.0952307	0.0157835	0.00726284	0.044032	0.074432	0.165888	0.123904	0.000941317	10.9688
GaussAdvancedFilter for Pixel32fC3 and filter size (7 x 7)	12.2583	11.6224	0.101491	0.0977552	0.0314222	0.0120623	0.071424	0.074752	0.299008	0.14336	-0.000373536	-3.82114
GaussAdvancedFilter for Pixel32fC4 and filter size (7 x 7)	11.7224	11.7115	0.104583	0.0987549	0.0453875	0.0403952	0.073728	0.069632	0.47104	0.481152	-0.000582786	-5.90134
GaussAdvancedFilter for Pixel8uC1 and filter size (9 x 9)	11.1811	10.6711	0.0960957	0.0942781	0.0120776	0.00665076	0.050176	0.068608	0.129344	0.12288	-0.000181759	-1.9279
GaussAdvancedFilter for Pixel8uC3 and filter size (9 x 9)	10.8207	12.4254	0.0938998	0.106819	0.012067	0.0123611	0.059392	0.09216	0.149568	0.129056	0.00129188	13.758
GaussAdvancedFilter for Pixel8uC4 and filter size (9 x 9)	11.9665	11.9061	0.105415	0.104365	0.0201912	0.0167794	0.07168	0.0768	0.259072	0.175104	-0.000105025	-1.00633
GaussAdvancedFilter for Pixel16uC1 and filter size (9 x 9)	10.622	10.7799	0.092017	0.0950922	0.0303243	0.00505582	0.058432	0.0768	0.338624	0.106304	0.000307523	3.34202
GaussAdvancedFilter for Pixel16uC3 and filter size (9 x 9)	11.8231	12.1058	0.10329	0.107297	0.0199134	0.0134084	0.072704	0.095104	0.23456	0.138976	0.000400636	3.87874
GaussAdvancedFilter for Pixel16uC4 and filter size (9 x 9)	11.4463	11.6265	0.0993482	0.1015	0.0162313	0.0120175	0.062592	0.080896	0.142304	0.14848	0.000215135	2.16546
GaussAdvancedFilter for Pixel32fC1 and filter size (9 x 9)	10.7676	11.2261	0.0857302	0.0965334	0.0262024	0.0130698	0.047104	0.063488	0.247808	0.197632	0.00108032	12.6014
GaussAdvancedFilter for Pixel32fC3 and filter size (9 x 9)	12.5522	11.8958	0.108036	0.103017	0.0379616	0.0115102	0.082944	0.086016	0.387072	0.126976	-0.000501887	-4.8719
GaussAdvancedFilter for Pixel32fC4 and filter size (9 x 9)	11.7033	11.5118	0.0994678	0.101136	0.0214096	0.0125909	0.07168	0.0768	0.23344	0.167936	0.000166849	1.67741
GaussAdvancedFilter for Pixel8uC1 and filter size (11 x 11)	26.7932	11.8979	0.252206	0.104465	0.0170634	0.015199	0.24576	0.074752	0.402432	0.18944	-0.0147741	-141.427
GaussAdvancedFilter for Pixel8uC3 and filter size (11 x 11)	12.0332	15.2822	0.103298	0.139321	0.0116017	0.00961896	0.084992	0.109568	0.139264	0.214912	0.00360234	34.8734
GaussAdvancedFilter for Pixel8uC4 and filter size (11 x 11)	11.8755	11.8743	0.101637	0.103523	0.0081321	0.00988097	0.090112	0.08704	0.113664	0.135904	0.000188574	1.85536
GaussAdvancedFilter for Pixel16uC1 and filter size (11 x 11)	11.7137	11.2578	0.100758	0.0958384	0.0134617	0.0155107	0.079488	0.074592	0.160768	0.132096	-0.000491934	-5.13295
GaussAdvancedFilter for Pixel16uC3 and filter size (11 x 11)	12.0331	15.1296	0.101871	0.134826	0.0144458	0.0105417	0.083968	0.105472	0.159744	0.162592	0.00329549	32.3496
GaussAdvancedFilter for Pixel16uC4 and filter size (11 x 11)	12.33	11.946	0.107155	0.102724	0.0178629	0.01085	0.075776	0.094208	0.233472	0.13312	-0.000443167	-4.31417
GaussAdvancedFilter for Pixel32fC1 and filter size (11 x 11)	11.1208	11.6246	0.0971318	0.099016	0.0178124	0.0180265	0.068608	0.072704	0.23552	0.144384	0.000188418	1.93981
GaussAdvancedFilter for Pixel32fC3 and filter size (11 x 11)	14.3626	14.0708	0.128524	0.127437	0.020348	0.0147935	0.10112	0.101376	0.263104	0.190144	-0.000108667	-0.852707
GaussAdvancedFilter for Pixel32fC4 and filter size (11 x 11)	12.0402	11.7115	0.106389	0.101392	0.0230566	0.0112691	0.082944	0.086016	0.306176	0.126976	-0.00049968	-4.92819
GaussAdvancedFilter for Pixel8uC1 and filter size (21 x 21)	40.5811	15.2404	0.388374	0.138159	0.00429167	0.00787735	0.384	0.108544	0.408576	0.153312	-0.0250214	-181.106
GaussAdvancedFilter for Pixel8uC3 and filter size (21 x 21)	17.1192	19.2645	0.154806	0.178639	0.0842086	0.00297658	0.13824	0.17408	0.960512	0.198272	0.00238333	15.3956
GaussAdvancedFilter for Pixel8uC4 and filter size (21 x 21)	16.2766	16.5837	0.14546	0.149658	0.00690987	0.00665384	0.141312	0.147456	0.205824	0.208896	0.000419843	2.88632
GaussAdvancedFilter for Pixel16uC1 and filter size (21 x 21)	14.9721	109.306	0.131066	1.0787	0.00754035	0.00456996	0.123904	1.07213	0.186176	1.09674	0.0947631	723.021
GaussAdvancedFilter for Pixel16uC3 and filter size (21 x 21)	15.9141	112.824	0.141783	1.11288	0.0173697	0.0226005	0.13312	1.07418	0.294912	1.14893	0.0971097	684.919
GaussAdvancedFilter for Pixel16uC4 and filter size (21 x 21)	15.5292	105.864	0.1332	1.04317	0.0153707	0.0141497	0.115712	1.024	0.18432	1.07827	0.0909968	683.157
GaussAdvancedFilter for Pixel32fC1 and filter size (21 x 21)	13.1177	70.0088	0.116815	0.685533	0.0207805	0.00756951	0.093184	0.673792	0.279552	0.705536	0.0568718	486.852
GaussAdvancedFilter for Pixel32fC3 and filter size (21 x 21)	17.5974	98.9872	0.161928	0.97468	0.00579926	0.0197178	0.159744	0.93696	0.201728	1.00557	0.0812752	501.921
GaussAdvancedFilter for Pixel32fC4 and filter size (21 x 21)	18.6962	97.8115	0.17241	0.961387	0.0293625	0.08807	0.157696	0.869376	0.459776	1.18989	0.0788978	457.618
GaussAdvancedFilter for Pixel8uC1 and filter size (51 x 51)	85.289	50.0664	0.837509	0.487333	0.0184748	0.00399404	0.832512	0.482304	1.01274	0.508736	-0.0350176	-71.8555
GaussAdvancedFilter for Pixel8uC3 and filter size (51 x 51)	38.8079	54.3163	0.365397	0.526039	0.00570443	0.0196635	0.360448	0.518144	0.407392	0.7168	0.0160641	43.9634
GaussAdvancedFilter for Pixel8uC4 and filter size (51 x 51)	35.671	47.5464	0.343666	0.461659	0.00476398	0.0240657	0.338944	0.456704	0.372384	0.698112	0.0117993	34.3336
GaussAdvancedFilter for Pixel16uC1 and filter size (51 x 51)	30.6463	611.678	0.291526	6.09526	0.00288663	0.0566206	0.287744	6.06925	0.310112	6.44915	0.580374	1990.81
GaussAdvancedFilter for Pixel16uC3 and filter size (51 x 51)	36.2557	652.784	0.345178	6.50294	0.00902697	0.109341	0.33792	6.25459	0.397312	7.16365	0.615776	1783.94
GaussAdvancedFilter for Pixel16uC4 and filter size (51 x 51)	34.8969	607.682	0.334055	5.98811	0.00345894	0.0753778	0.330752	5.80403	0.356352	6.35782	0.565405	1692.55
GaussAdvancedFilter for Pixel32fC1 and filter size (51 x 51)	24.79	389.829	0.232467	3.88032	0.005591	0.0673248	0.226304	3.75808	0.27136	4.27418	0.364785	1569.19
GaussAdvancedFilter for Pixel32fC3 and filter size (51 x 51)	49.7388	573.086	0.48268	5.70841	0.0280803	0.132163	0.446208	5.39648	0.740128	6.14093	0.522573	1082.65
GaussAdvancedFilter for Pixel32fC4 and filter size (51 x 51)	62.593	611.218	0.610453	6.08881	0.0265225	0.125276	0.567136	5.70573	0.640832	6.85363	0.547836	897.424
GaussAdvancedFilter for Pixel8uC1 and filter size (101 x 101)	178.968	3165.71	1.76617	31.5813	0.0427115	0.188863	1.75104	31.446	2.07053	32.2181	2.98151	1688.12
GaussAdvancedFilter for Pixel8uC3 and filter size (101 x 101)	151.582	2513.99	1.49523	25.104	0.0298086	0.566798	1.48275	23.7855	1.70291	28.8471	2.36087	1578.94
GaussAdvancedFilter for Pixel8uC4 and filter size (101 x 101)	84.9442	2323.53	0.834866	23.199	0.0184623	0.334102	0.82432	22.4829	1.01376	24.1888	2.23641	2678.77
GaussAdvancedFilter for Pixel16uC1 and filter size (101 x 101)	68.4861	2304.98	0.671016	23.0197	0.00333704	0.189072	0.666656	22.8936	0.6912	23.8426	2.23486	3330.57
GaussAdvancedFilter for Pixel16uC3 and filter size (101 x 101)	115.658	2610.87	1.14158	26.0764	0.0752294	0.403191	1.10173	25.3952	1.64947	27.5743	2.49348	2184.24
GaussAdvancedFilter for Pixel16uC4 and filter size (101 x 101)	96.9267	2401.07	0.953242	23.976	0.0591266	0.269592	0.904192	23.5663	1.30458	24.9187	2.30227	2415.2
GaussAdvancedFilter for Pixel32fC1 and filter size (101 x 101)	58.9251	1509.48	0.574905	15.0628	0.0206867	0.230967	0.565248	14.2828	0.756736	16.085	1.44879	2520.05
GaussAdvancedFilter for Pixel32fC3 and filter size (101 x 101)	182.254	2359.82	1.80277	23.5655	0.114926	0.314011	1.71587	22.0631	2.48317	24.3937	2.17627	1207.18
GaussAdvancedFilter for Pixel32fC4 and filter size (101 x 101)	161.867	2330.18	1.60262	23.2671	0.0500398	0.271561	1.53696	22.0252	1.81146	24.5832	2.16645	1351.82
GaussAdvancedFilter for Pixel8uC1 and filter size (151 x 151)	284.681	7045.64	2.82926	70.4197	0.0648527	0.337568	2.80576	70.0621	3.25222	71.5919	6.75905	2388.98
GaussAdvancedFilter for Pixel8uC3 and filter size (151 x 151)	271.838	5631.17	2.7008	56.276	0.0880599	0.673028	2.66957	53.9034	3.30035	57.8632	5.35752	1983.68
GaussAdvancedFilter for Pixel8uC4 and filter size (151 x 151)	224.461	5226.89	2.22767	52.2328	0.0718606	0.500631	2.19955	51.1027	2.76685	54.0579	5.00051	2244.72
GaussAdvancedFilter for Pixel16uC1 and filter size (151 x 151)	110.761	5173.55	1.09344	51.6956	0.0650479	0.280354	1.07731	51.5195	1.5553	53.0166	5.06021	4627.79
GaussAdvancedFilter for Pixel16uC3 and filter size (151 x 151)	191.492	5926.95	1.8968	59.234	0.0465947	0.383942	1.84899	58.2564	2.21462	60.5018	5.73372	3022.84
GaussAdvancedFilter for Pixel16uC4 and filter size (151 x 151)	166.417	5431.79	1.63843	54.2836	0.0556458	0.407474	1.55539	53.4535	2.02547	55.8651	5.26452	3213.16
GaussAdvancedFilter for Pixel32fC1 and filter size (151 x 151)	100.117	3384.04	0.986482	33.8077	0.0615169	0.275528	0.95744	32.7455	1.39645	34.7358	3.28213	3327.1
GaussAdvancedFilter for Pixel32fC3 and filter size (151 x 151)	339.371	5393.83	3.3618	53.8958	0.12272	0.686955	3.2553	50.1914	4.09293	55.3327	5.0534	1503.18
GaussAdvancedFilter for Pixel32fC4 and filter size (151 x 151)	260.445	5225.06	2.587	52.2068	0.087572	0.328084	2.53405	51.5379	3.18157	53.3808	4.96198	1918.04
AffineTransformation for Pixel8uC1 and interpolation mode NearestNeighbor	10.6476	9.76787	0.0926979	0.0837251	0.0105078	0.0107753	0.049152	0.05728	0.118784	0.13456	-0.00089728	-10.717
AffineTransformation for Pixel8uC3 and interpolation mode NearestNeighbor	10.8073	9.32966	0.0933654	0.0770864	0.0549487	0.0313541	0.048128	0.049152	0.529088	0.365216	-0.0016279	-21.1179
AffineTransformation for Pixel8uC4 and interpolation mode NearestNeighbor	10.2052	9.96147	0.0892185	0.086711	0.0518271	0.0287898	0.064512	0.061504	0.59488	0.344032	-0.000250751	-2.8918
AffineTransformation for Pixel16uC1 and interpolation mode NearestNeighbor	10.3707	9.3993	0.0911763	0.0810919	0.0324946	0.00789304	0.07168	0.065536	0.347008	0.104448	-0.00100845	-12.4358
AffineTransformation for Pixel16uC3 and interpolation mode NearestNeighbor	11.6992	10.998	0.0996506	0.0946391	0.0342808	0.0289898	0.044032	0.067584	0.362464	0.348928	-0.000501151	-5.29539
AffineTransformation for Pixel16uC4 and interpolation mode NearestNeighbor	10.6906	11.2701	0.0898051	0.0940317	0.01317	0.0899362	0.036864	0.042848	0.150528	0.892928	0.000422657	4.70638
AffineTransformation for Pixel32fC1 and interpolation mode NearestNeighbor	10.5332	9.51107	0.0890749	0.0816345	0.0117571	0.00976834	0.032768	0.067392	0.12288	0.108544	-0.000744034	-9.1142
AffineTransformation for Pixel32fC3 and interpolation mode NearestNeighbor	11.2927	10.9251	0.0981363	0.0928938	0.0559958	0.00557753	0.055296	0.058368	0.523264	0.106496	-0.000524248	-5.64352
AffineTransformation for Pixel32fC4 and interpolation mode NearestNeighbor	11.5825	11.3665	0.101942	0.0996047	0.0368329	0.0303428	0.07168	0.05616	0.396288	0.378592	-0.000233702	-2.34629
AffineTransformation for Pixel8uC1 and interpolation mode Linear	10.2984	9.82563	0.0900915	0.0846627	0.0500662	0.013049	0.063488	0.04608	0.486048	0.141312	-0.000542877	-6.41223
AffineTransformation for Pixel8uC3 and interpolation mode Linear	10.8995	10.5236	0.0938115	0.089968	0.0216702	0.01672	0.054272	0.0512	0.268288	0.171008	-0.000384355	-4.27213
AffineTransformation for Pixel8uC4 and interpolation mode Linear	10.7735	10.284	0.0938016	0.086376	0.0448559	0.0412296	0.064512	0.050144	0.514048	0.366432	-0.000742556	-8.59679
AffineTransformation for Pixel16uC1 and interpolation mode Linear	11.3492	10.5318	0.0932234	0.0863456	0.0368014	0.0110442	0.034816	0.036864	0.4352	0.11024	-0.000687778	-7.96541
AffineTransformation for Pixel16uC3 and interpolation mode Linear	11.6337	10.8124	0.102675	0.0918816	0.0499134	0.0124105	0.057344	0.053088	0.484352	0.122784	-0.00107936	-11.7473
AffineTransformation for Pixel16uC4 and interpolation mode Linear	10.1263	10.4902	0.0867674	0.0904224	0.0272817	0.0287293	0.05632	0.0664	0.339968	0.349184	0.000365504	4.21246
AffineTransformation for Pixel32fC1 and interpolation mode Linear	10.1868	9.67885	0.0870825	0.0837779	0.0236151	0.0146294	0.033792	0.067584	0.218112	0.187552	-0.000330462	-3.94449
AffineTransformation for Pixel32fC3 and interpolation mode Linear	11.559	10.8749	0.0989309	0.0941193	0.0342076	0.0136265	0.057344	0.060416	0.390976	0.16896	-0.000481153	-5.11216
AffineTransformation for Pixel32fC4 and interpolation mode Linear	11.2507	10.7308	0.0997465	0.094279	0.0336546	0.0292916	0.073728	0.067584	0.374784	0.372512	-0.000546749	-5.79926
AffineTransformation for Pixel8uC1 and interpolation mode CubicLagrange	11.137	10.3936	0.0932714	0.0886365	0.020877	0.0089238	0.050176	0.066688	0.249856	0.125952	-0.000463486	-5.22906
AffineTransformation for Pixel8uC3 and interpolation mode CubicLagrange	17.7992	15.0395	0.15321	0.137113	0.0906708	0.0159879	0.108544	0.115296	0.996352	0.224256	-0.00160966	-11.7397
AffineTransformation for Pixel8uC4 and interpolation mode CubicLagrange	11.8265	11.2917	0.103816	0.0984349	0.0260473	0.0125228	0.073728	0.072544	0.293888	0.147456	-0.000538083	-5.46639
AffineTransformation for Pixel16uC1 and interpolation mode CubicLagrange	11.006	10.9148	0.0961114	0.0956803	0.0191625	0.0224704	0.063488	0.062464	0.228352	0.256	-4.31038e-05	-0.450493
AffineTransformation for Pixel16uC3 and interpolation mode CubicLagrange	16.2028	15.4441	0.140267	0.130453	0.0216763	0.0179877	0.108544	0.114464	0.301888	0.22016	-0.00098134	-7.52252
AffineTransformation for Pixel16uC4 and interpolation mode CubicLagrange	11.6849	11.5569	0.0983232	0.102444	0.0144356	0.0151828	0.06656	0.071456	0.208896	0.200704	0.000412067	4.19095
AffineTransformation for Pixel32fC1 and interpolation mode CubicLagrange	10.4858	10.6342	0.0862438	0.0941306	0.0239424	0.00562546	0.052224	0.074752	0.262048	0.134176	0.000788675	9.14471
AffineTransformation for Pixel32fC3 and interpolation mode CubicLagrange	13.3185	12.7867	0.112418	0.11334	0.0220704	0.0129273	0.103424	0.109568	0.272384	0.231424	9.21883e-05	0.820053
AffineTransformation for Pixel32fC4 and interpolation mode CubicLagrange	11.479	11.8335	0.0973245	0.104566	0.0194576	0.032185	0.072768	0.077824	0.216064	0.331648	0.000724125	7.44032
PerspectiveTransformation for Pixel8uC1 and interpolation mode NearestNeighbor	10.1612	8.89434	0.088736	0.076537	0.0123091	0.0205667	0.06544	0.048128	0.169984	0.26304	-0.0012199	-15.9387
PerspectiveTransformation for Pixel8uC3 and interpolation mode NearestNeighbor	10.4274	9.24979	0.088217	0.0804093	0.0206503	0.0166423	0.053248	0.0696	0.240608	0.20592	-0.000780776	-9.71002
PerspectiveTransformation for Pixel8uC4 and interpolation mode NearestNeighbor	10.5985	9.62899	0.0893027	0.0821114	0.0151582	0.0200391	0.032768	0.033792	0.15872	0.258048	-0.000719135	-8.75803
PerspectiveTransformation for Pixel16uC1 and interpolation mode NearestNeighbor	9.56102	9.60637	0.0827242	0.0834726	0.0102824	0.00844795	0.062432	0.07056	0.150528	0.11232	7.48478e-05	0.904785
PerspectiveTransformation for Pixel16uC3 and interpolation mode NearestNeighbor	10.8145	10.5748	0.0926544	0.089665	0.0159435	0.0166978	0.053248	0.0552	0.203776	0.162816	-0.000298943	-3.334
PerspectiveTransformation for Pixel16uC4 and interpolation mode NearestNeighbor	10.0087	9.90515	0.0857392	0.0866941	0.0255089	0.0120345	0.0512	0.065536	0.290784	0.12496	9.54851e-05	1.11366
PerspectiveTransformation for Pixel32fC1 and interpolation mode NearestNeighbor	10.9772	9.69318	0.0923629	0.0810797	0.0202568	0.0224446	0.032768	0.048128	0.240576	0.253952	-0.00112832	-13.9162
PerspectiveTransformation for Pixel32fC3 and interpolation mode NearestNeighbor	11.7985	19.71	0.104086	0.183332	0.0485088	0.539853	0.050176	0.069536	0.449536	5.41389	0.00792455	76.1346
PerspectiveTransformation for Pixel32fC4 and interpolation mode NearestNeighbor	10.9517	11.0889	0.0921741	0.0962582	0.0260568	0.0163097	0.050176	0.06544	0.299008	0.193536	0.000408418	4.43094
PerspectiveTransformation for Pixel8uC1 and interpolation mode Linear	10.1325	9.9024	0.087145	0.0848746	0.0313662	0.0223711	0.04608	0.043872	0.31104	0.265408	-0.000227039	-2.675
PerspectiveTransformation for Pixel8uC3 and interpolation mode Linear	10.9476	11.2419	0.0931335	0.0984557	0.0129684	0.0124907	0.050176	0.051296	0.131264	0.174784	0.00053222	5.71459
PerspectiveTransformation for Pixel8uC4 and interpolation mode Linear	10.3639	9.64813	0.0874189	0.0825094	0.0200154	0.0221879	0.053248	0.0512	0.23648	0.241568	-0.000490944	-5.95015
PerspectiveTransformation for Pixel16uC1 and interpolation mode Linear	10.3096	10.2636	0.0897959	0.0886883	0.0402679	0.01684	0.059392	0.068608	0.476096	0.19968	-0.000110754	-1.2488
PerspectiveTransformation for Pixel16uC3 and interpolation mode Linear	12.2327	10.5626	0.108197	0.0930119	0.0553634	0.0082904	0.0512	0.073568	0.507712	0.124928	-0.00151853	-16.3262
PerspectiveTransformation for Pixel16uC4 and interpolation mode Linear	10.3496	10.6009	0.0901226	0.0919222	0.0459906	0.0119173	0.059392	0.065536	0.46048	0.144256	0.000179968	1.99693
PerspectiveTransformation for Pixel32fC1 and interpolation mode Linear	10.3834	10.0055	0.090744	0.0874349	0.0174508	0.0304524	0.067584	0.06864	0.197504	0.3584	-0.000330912	-3.78467
PerspectiveTransformation for Pixel32fC3 and interpolation mode Linear	10.324	10.242	0.090528	0.0893859	0.00977816	0.00687357	0.073728	0.074528	0.126944	0.11776	-0.000114207	-1.27769
PerspectiveTransformation for Pixel32fC4 and interpolation mode Linear	10.9363	10.9128	0.0953005	0.0965491	0.0228475	0.0195306	0.050016	0.069632	0.227328	0.237568	0.000124863	1.3102
PerspectiveTransformation for Pixel8uC1 and interpolation mode CubicLagrange	11.2191	11.134	0.09668	0.0981619	0.0185597	0.0116671	0.0512	0.055296	0.241408	0.129952	0.000148191	1.53279
PerspectiveTransformation for Pixel8uC3 and interpolation mode CubicLagrange	14.9084	15.275	0.135114	0.13954	0.00915722	0.0067538	0.11264	0.116736	0.162464	0.165696	0.000442682	3.27637
PerspectiveTransformation for Pixel8uC4 and interpolation mode CubicLagrange	11.3348	11.3582	0.0971527	0.093625	0.0115895	0.0192129	0.067584	0.072704	0.135232	0.18432	-0.000352769	-3.7679
PerspectiveTransformation for Pixel16uC1 and interpolation mode CubicLagrange	10.9916	10.156	0.093745	0.089664	0.0189568	0.015242	0.053248	0.067456	0.211968	0.211968	-0.000408098	-4.55141
PerspectiveTransformation for Pixel16uC3 and interpolation mode CubicLagrange	15.8833	15.561	0.135331	0.132536	0.0254371	0.0158224	0.111648	0.111616	0.2816	0.169984	-0.000279456	-2.10853
PerspectiveTransformation for Pixel16uC4 and interpolation mode CubicLagrange	11.774	11.3162	0.10295	0.0982205	0.0257472	0.0222434	0.069632	0.0768	0.284672	0.299008	-0.000472993	-4.81563
PerspectiveTransformation for Pixel32fC1 and interpolation mode CubicLagrange	10.6476	10.653	0.0894455	0.0944234	0.0217302	0.00642163	0.0512	0.080928	0.231424	0.146432	0.000497791	5.56531
PerspectiveTransformation for Pixel32fC3 and interpolation mode CubicLagrange	15.4154	15.3467	0.139201	0.140689	0.016868	0.00748384	0.10752	0.114688	0.277728	0.177152	0.000148802	1.06897
PerspectiveTransformation for Pixel32fC4 and interpolation mode CubicLagrange	11.562	11.4135	0.0972215	0.0986733	0.0218076	0.0120662	0.07168	0.077696	0.232448	0.132096	0.000145182	1.49331
QualityIndex for Pixel8uC1	17.7818	180.59	0.162541	1.79351	0.0321406	0.0721239	0.11776	1.65664	0.392192	1.99782	0.163097	1003.42
QualityIndex for Pixel8uC3	20.1985	169.888	0.188773	1.6866	0.0155322	0.0668953	0.14848	1.57971	0.313344	1.90771	0.149782	793.454
QualityIndex for Pixel16uC1	18.4545	175.617	0.169658	1.74412	0.0212305	0.0768239	0.139264	1.56538	0.27136	2.052	0.157446	928.021
QualityIndex for Pixel16uC3	20.9951	182.098	0.195519	1.80737	0.0387587	0.151262	0.15872	1.63021	0.521216	3.068	0.161185	824.394
QualityIndex for Pixel32fC1	18.1832	175.867	0.168407	1.74628	0.0205725	0.0903919	0.145408	1.4889	0.301024	2.09235	0.157787	936.941
QualityIndex for Pixel32fC3	19.5966	170.5	0.181586	1.69279	0.0242035	0.0852749	0.15872	1.58822	0.338816	2.17434	0.151121	832.226
Max for Pixel8uC1	17.067	15.782	0.156576	0.144618	0.0178763	0.0114881	0.13312	0.114688	0.239616	0.173248	-0.00119574	-8.26829
Max for Pixel8uC3	19.2143	16.6851	0.178005	0.15307	0.0731008	0.0118996	0.109568	0.119808	0.83968	0.191328	-0.0024935	-16.29
Max for Pixel8uC4	17.2831	16.4956	0.159373	0.151645	0.0213559	0.012573	0.130048	0.111616	0.284672	0.206848	-0.000772771	-5.0959
Max for Pixel16uC1	18.1555	16.9861	0.167326	0.155285	0.0259897	0.0157912	0.135264	0.124096	0.28848	0.227168	-0.0012041	-7.75412
Max for Pixel16uC3	18.8477	17.1346	0.174241	0.156108	0.0301975	0.0214186	0.146432	0.120832	0.380928	0.339104	-0.00181334	-11.616
Max for Pixel16uC4	17.5882	17.0097	0.161951	0.156596	0.0327603	0.0245791	0.12288	0.128	0.341024	0.265216	-0.000535458	-3.41935
Max for Pixel32fC1	20.4421	16.4956	0.187592	0.151178	0.0773635	0.0124296	0.130848	0.1208	0.741376	0.19968	-0.0036414	-24.0869
Max for Pixel32fC3	17.108	16.8141	0.157179	0.154698	0.0211639	0.0158367	0.12784	0.114688	0.3192	0.247616	-0.00024813	-1.60397
Max for Pixel32fC4	17.1132	16.9257	0.156767	0.15474	0.0267412	0.0141659	0.118784	0.129024	0.297984	0.231424	-0.000202651	-1.30962
Mean for Pixel8uC1	17.1459	16.4188	0.158709	0.151408	0.0180175	0.012242	0.1328	0.12288	0.254976	0.182112	-0.00073002	-4.82153
Mean for Pixel8uC3	18.5163	17.5116	0.170251	0.16235	0.0313509	0.0208904	0.096256	0.134144	0.352416	0.301824	-0.000790048	-4.86632
Mean for Pixel8uC4	17.9937	17.4346	0.162137	0.158747	0.0192154	0.0167592	0.125952	0.132	0.270304	0.275456	-0.000339039	-2.13572
Mean for Pixel16uC1	18.0101	16.8028	0.167095	0.154988	0.0214312	0.00976686	0.137088	0.13168	0.31104	0.182272	-0.00121069	-7.8115
Mean for Pixel16uC3	18.0193	17.2227	0.163837	0.158226	0.0221599	0.0210929	0.094208	0.11776	0.300704	0.328704	-0.000561091	-3.54616
Mean for Pixel16uC4	17.1154	16.6094	0.156403	0.152797	0.0168961	0.0131401	0.135968	0.117728	0.263392	0.195168	-0.000360575	-2.35983
Mean for Pixel32fC1	18.0011	16.6963	0.165999	0.154115	0.0273085	0.0213462	0.132096	0.123904	0.350208	0.270688	-0.00118841	-7.7112
Mean for Pixel32fC3	19.756	17.3128	0.180925	0.157027	0.0509276	0.0185481	0.134144	0.124928	0.418816	0.308224	-0.00238986	-15.2194
Mean for Pixel32fC4	18.465	16.6164	0.17038	0.153802	0.0643812	0.00926085	0.142336	0.135104	0.62976	0.185376	-0.00165776	-10.7785
MeanStd for Pixel8uC1	18.2374	38.3703	0.165868	0.370485	0.0276871	0.0227473	0.093312	0.33168	0.303104	0.503808	0.0204618	123.362
MeanStd for Pixel8uC3	18.1422	141.115	0.166632	1.39649	0.0227179	0.124057	0.132096	1.22058	0.31232	2.40035	0.122986	738.068
MeanStd for Pixel16uC1	18.7822	39.6257	0.171177	0.382594	0.0309988	0.0193855	0.136192	0.347008	0.380928	0.46592	0.0211417	123.507
MeanStd for Pixel16uC3	18.9706	139.649	0.175712	1.38205	0.0201477	0.092026	0.148352	1.24016	0.300032	1.71933	0.120634	686.546
MeanStd for Pixel32fC1	17.9261	40.2289	0.163378	0.388752	0.0214998	0.0468196	0.132096	0.326656	0.288768	0.673792	0.0225374	137.946
MeanStd for Pixel32fC3	18.7047	141.764	0.173151	1.40421	0.0268207	0.0929915	0.118784	1.20947	0.369408	2.00269	0.123106	710.975
MSE for Pixel8uC1	17.1008	24.4664	0.157779	0.231523	0.0130832	0.0274848	0.135168	0.196608	0.206848	0.391264	0.0073744	46.7387
MSE for Pixel8uC3	17.5892	24.7228	0.159559	0.234443	0.0231161	0.0408163	0.125952	0.197408	0.308928	0.484096	0.00748842	46.932
