Image size: 2048 x 2048 Border: (-1, 0, -1, 0)
Name	TotalMPP	TotalNPP	MeanMPP	MeanNPP	StdMPP	StdNPP	MinMPP	MinNPP	MaxMPP	MaxNPP	AbsoluteDifferenceMSec	RelativeDifference
Add for Pixel8uC1	9.60723	56.7009	0.0816204	0.555955	0.0139197	0.0183062	0.066464	0.482528	0.129024	0.628736	0.0474335	581.147
Add for Pixel8uC3	22.9059	62.1251	0.216402	0.607108	0.00237287	0.0256698	0.211968	0.557856	0.236384	0.819232	0.0390705	180.546
Add for Pixel8uC4	17.4172	62.3834	0.160013	0.60974	0.013633	0.0172696	0.1536	0.52352	0.290816	0.636928	0.0449727	281.056
Add for Pixel16uC1	11.7565	60.1826	0.103154	0.587401	0.0182017	0.00869485	0.073728	0.56832	0.233472	0.639296	0.0484247	469.442
Add for Pixel16uC3	27.9839	140.626	0.265921	1.38966	0.00414959	0.12445	0.263168	1.26845	0.290816	2.53344	0.112374	422.583
Add for Pixel16uC4	111.042	111.107	1.0949	1.09679	0.0295477	0.0119306	1.07827	1.08032	1.36678	1.1345	0.000188947	0.172569
Add for Pixel32fC1	14.5572	76.5071	0.134208	0.751456	0.00667002	0.0130563	0.129696	0.733248	0.164736	0.80784	0.0617249	459.92
Add for Pixel32fC3	167.262	167.429	1.6567	1.65878	0.0519173	0.0277883	1.63123	1.63635	2.08691	1.90662	0.00020833	0.125755
Add for Pixel32fC4	221.909	223.773	2.20315	2.21952	0.0295568	0.0771023	2.17971	2.18794	2.46483	2.84048	0.00163672	0.742897
Sub for Pixel8uC1	14.892	56.2516	0.115464	0.546082	0.0219894	0.0276032	0.068608	0.484256	0.264096	0.70464	0.0430618	372.947
Sub for Pixel8uC3	23.2621	62.9125	0.219213	0.615274	0.0187604	0.016603	0.212	0.570528	0.385024	0.683936	0.0396061	180.674
Sub for Pixel8uC4	17.4664	64.1477	0.161213	0.627056	0.023806	0.0127426	0.156448	0.596992	0.386048	0.709632	0.0465843	288.961
Sub for Pixel16uC1	11.9368	59.1625	0.099624	0.576506	0.0169824	0.0371317	0.073728	0.470016	0.15952	0.78336	0.0476882	478.682
Sub for Pixel16uC3	28.1818	138.527	0.269014	1.36972	0.0107433	0.0145842	0.265216	1.31072	0.366592	1.4633	0.110071	409.162
Sub for Pixel16uC4	111.828	112.359	1.10204	1.10899	0.0589707	0.0452922	1.07827	1.08646	1.49091	1.4592	0.000695753	0.631332
Sub for Pixel32fC1	15.9437	76.2655	0.136143	0.747182	0.00659604	0.011916	0.131072	0.670592	0.182272	0.7936	0.061104	448.823
Sub for Pixel32fC3	166.932	167.487	1.65373	1.65957	0.0375947	0.046898	1.63226	1.63606	2.01626	2.0265	0.000583446	0.352814
Sub for Pixel32fC4	222.649	221.942	2.20716	2.20221	0.0307177	0.0107085	2.18214	2.18419	2.4657	2.24848	-0.000495458	-0.224983
Mul for Pixel8uC1	11.5907	58.0618	0.0980102	0.569601	0.0219813	0.0140527	0.065536	0.548864	0.2048	0.628736	0.0471591	481.165
Mul for Pixel8uC3	19.7939	64.0881	0.18502	0.626727	0.0158627	0.0115198	0.178176	0.576512	0.326656	0.667648	0.0441706	238.734
Mul for Pixel8uC4	16.0215	67.2977	0.145918	0.658714	0.0077813	0.0212354	0.14336	0.561152	0.210944	0.703648	0.0512796	351.428
Mul for Pixel16uC1	11.7463	58.5646	0.0989066	0.57153	0.0279071	0.0128165	0.073728	0.499712	0.259072	0.627712	0.0472623	477.848
Mul for Pixel16uC3	28.444	140.724	0.268111	1.39253	0.0103859	0.0716598	0.263936	1.34554	0.329728	1.86032	0.112442	419.387
Mul for Pixel16uC4	112.437	111.511	1.10675	1.10062	0.0544311	0.0485674	1.08544	1.07725	1.48957	1.47354	-0.000612175	-0.556206
Mul for Pixel32fC1	15.4593	80.8436	0.135145	0.785958	0.00226194	0.12711	0.132096	0.717824	0.154624	1.96723	0.0650813	481.566
Mul for Pixel32fC3	166.828	167.757	1.65345	1.66088	0.00915676	0.0493981	1.63619	1.63738	1.68438	2.0272	0.00074296	0.449333
Mul for Pixel32fC4	221.288	222.462	2.1972	2.20696	0.00958441	0.0412839	2.18112	2.18509	2.23539	2.6071	0.000976372	0.444374
Div for Pixel8uC1	10.6957	62.6606	0.0952301	0.614162	0.0132701	0.0304038	0.086016	0.536928	0.1248	0.842624	0.0518932	544.924
Div for Pixel8uC3	21.5226	72.8436	0.201892	0.705508	0.0115632	0.0138427	0.196608	0.686848	0.309248	0.756736	0.0503616	249.448
Div for Pixel8uC4	22.3109	80.8324	0.208657	0.789474	0.00746604	0.125756	0.2048	0.684032	0.280576	1.96307	0.0580817	278.36
Div for Pixel16uC1	11.294	72.6835	0.100101	0.710928	0.0116054	0.0300115	0.077568	0.642176	0.12368	0.976896	0.0610828	610.212
Div for Pixel16uC3	30.2696	56.6467	0.284318	0.552567	0.0130556	0.00432075	0.278528	0.547712	0.379904	0.576512	0.0268249	94.3483
Div for Pixel16uC4	111.264	112.631	1.09338	1.11119	0.0289948	0.0120591	1.07418	1.09363	1.33018	1.15075	0.0017807	1.62862
Div for Pixel32fC1	15.393	80.9574	0.136786	0.793977	0.00608826	0.0376884	0.131072	0.752672	0.186368	1.07114	0.0657191	480.453
Div for Pixel32fC3	168.891	167.374	1.66812	1.6573	0.0509797	0.00858334	1.64042	1.63942	2.07872	1.68653	-0.00108162	-0.652634
Div for Pixel32fC4	222.21	222.963	2.2007	2.2131	0.046674	0.0461994	2.17805	2.1904	2.56	2.5721	0.00124009	0.563499
BoxFilter for Pixel8uC1 and filter size (5 x 5)	14.5377	61.1809	0.128657	0.600749	0.00684676	0.0331247	0.124672	0.571456	0.188352	0.894976	0.0472093	366.939
BoxFilter for Pixel8uC3 and filter size (5 x 5)	33.5811	80.983	0.321332	0.795722	0.00529091	0.00542574	0.316416	0.791328	0.36864	0.81584	0.047439	147.632
BoxFilter for Pixel8uC4 and filter size (5 x 5)	23.0861	58.5964	0.21245	0.570447	0.00670253	0.00540439	0.207872	0.558208	0.269312	0.5888	0.0357998	168.509
BoxFilter for Pixel16uC1 and filter size (5 x 5)	15.4829	37.1436	0.135798	0.358545	0.00513464	0.00162464	0.133888	0.355328	0.171008	0.367616	0.0222747	164.028
BoxFilter for Pixel16uC3 and filter size (5 x 5)	42.1346	89.0092	0.401643	0.859353	0.0289971	0.0261907	0.387072	0.818176	0.659456	0.919552	0.045771	113.96
BoxFilter for Pixel16uC4 and filter size (5 x 5)	35.7612	64.3676	0.34189	0.628997	0.00830499	0.00660443	0.334848	0.62464	0.377856	0.673792	0.0287107	83.9763
BoxFilter for Pixel32fC1 and filter size (5 x 5)	24.7695	39.3585	0.23294	0.377154	0.00211076	0.00363679	0.227328	0.371744	0.247808	0.4064	0.0144214	61.9105
BoxFilter for Pixel32fC3 and filter size (5 x 5)	113.162	122.993	1.11708	1.14829	0.0430879	0.113503	1.09741	1.10797	1.53395	2.01398	0.00312111	2.79399
BoxFilter for Pixel32fC4 and filter size (5 x 5)	151.581	150.58	1.49729	1.49108	0.0664213	0.0105563	1.46637	1.47251	1.91386	1.52064	-0.000620568	-0.416183
BoxFilter for Pixel8uC1 and filter size (9 x 9)	18.3984	214.42	0.17218	2.13263	0.00233192	0.0781625	0.167936	1.96403	0.181248	2.19318	0.196045	1138.6
BoxFilter for Pixel8uC3 and filter size (9 x 9)	48.4898	200.553	0.47161	1.98768	0.0241181	0.0355074	0.463872	1.9415	0.70144	2.28864	0.151607	321.468
BoxFilter for Pixel8uC4 and filter size (9 x 9)	39.3021	268.674	0.371152	2.66979	0.0144014	0.338605	0.365408	2.41459	0.463872	3.45174	0.229864	619.326
BoxFilter for Pixel16uC1 and filter size (9 x 9)	20.2752	162.131	0.188861	1.59795	0.00872912	0.0100859	0.18432	1.58003	0.268288	1.62182	0.140909	746.1
BoxFilter for Pixel16uC3 and filter size (9 x 9)	61.5959	218.747	0.602371	2.17036	0.00387157	0.0422726	0.594944	2.03878	0.619264	2.49037	0.156798	260.302
BoxFilter for Pixel16uC4 and filter size (9 x 9)	52.9654	263.834	0.512977	2.61558	0.032803	0.133285	0.483328	2.49338	0.79872	3.28499	0.210261	409.883
BoxFilter for Pixel32fC1 and filter size (9 x 9)	35.5604	164.216	0.342247	1.6264	0.00314687	0.0306625	0.336896	1.50016	0.361472	1.64835	0.128416	375.213
BoxFilter for Pixel32fC3 and filter size (9 x 9)	113.133	231.352	1.11635	2.29488	0.00936892	0.101641	1.10045	2.17088	1.14893	2.78528	0.117852	105.569
BoxFilter for Pixel32fC4 and filter size (9 x 9)	150.829	227.3	1.49284	2.2552	0.063989	0.0792454	1.46294	2.06131	1.92205	2.33779	0.0762357	51.0675
BoxFilter for Pixel8uC1 and filter size (11 x 11)	49.8811	281.804	0.487075	2.80667	0.0319789	0.0469144	0.47616	2.77709	0.726016	3.15904	0.231959	476.229
BoxFilter for Pixel8uC3 and filter size (11 x 11)	57.4556	295.355	0.55828	2.93581	0.0438954	0.0371037	0.548768	2.8201	0.971776	3.23248	0.237753	425.867
BoxFilter for Pixel8uC4 and filter size (11 x 11)	58.8339	353.224	0.574286	3.51485	0.00431406	0.0915878	0.571328	3.4816	0.595968	4.15942	0.294056	512.038
BoxFilter for Pixel16uC1 and filter size (11 x 11)	32.7117	228.756	0.30727	2.27156	0.0111889	0.035741	0.30208	2.22413	0.382976	2.55488	0.196429	639.271
BoxFilter for Pixel16uC3 and filter size (11 x 11)	76.5512	323.746	0.749364	3.21799	0.0335661	0.107819	0.71472	3.16928	0.986144	3.92397	0.246863	329.43
BoxFilter for Pixel16uC4 and filter size (11 x 11)	67.8596	371.003	0.664122	3.68987	0.0282476	0.180555	0.630784	3.57562	0.702464	4.31581	0.302574	455.6
BoxFilter for Pixel32fC1 and filter size (11 x 11)	45.3304	218.514	0.440027	2.16891	0.0041269	0.042185	0.437152	2.08896	0.4608	2.46064	0.172888	392.904
BoxFilter for Pixel32fC3 and filter size (11 x 11)	114.751	336.926	1.13207	3.35045	0.0431906	0.0784872	1.1111	3.3064	1.55034	3.80006	0.221838	195.957
BoxFilter for Pixel32fC4 and filter size (11 x 11)	150.854	318.769	1.49174	3.16842	0.0151695	0.162173	1.4704	2.85696	1.53466	4.14822	0.167669	112.398
BoxFilter for Pixel8uC1 and filter size (21 x 21)	82.0818	920.121	0.808716	9.18818	0.0052818	0.113502	0.797696	9.10643	0.822272	9.86736	0.837947	1036.14
BoxFilter for Pixel8uC3 and filter size (21 x 21)	99.8502	1050.38	0.98252	10.4725	0.0731098	0.215456	0.918528	10.2171	1.46234	11.3224	0.949001	965.885
BoxFilter for Pixel8uC4 and filter size (21 x 21)	100.336	1211.93	0.98639	12.092	0.0366943	0.149672	0.9728	11.9109	1.3423	12.7887	1.11056	1125.88
BoxFilter for Pixel16uC1 and filter size (21 x 21)	54.8076	727.968	0.53207	7.25521	0.0201713	0.172627	0.519168	7.08813	0.68608	8.0599	0.672314	1263.58
BoxFilter for Pixel16uC3 and filter size (21 x 21)	135.313	1145.63	1.33642	11.4151	0.0747	0.280969	1.27181	11.0899	1.72042	12.4621	1.00786	754.152
BoxFilter for Pixel16uC4 and filter size (21 x 21)	130.12	1230.23	1.28054	12.2721	0.0710506	0.3763	1.21037	11.8116	1.74285	13.994	1.09916	858.358
BoxFilter for Pixel32fC1 and filter size (21 x 21)	77.6888	683.292	0.758251	6.80412	0.044975	0.073355	0.72704	6.69901	1.07725	7.20282	0.604587	797.344
BoxFilter for Pixel32fC3 and filter size (21 x 21)	188.886	1169.69	1.87288	11.6683	0.0914548	0.246303	1.73978	11.307	2.37466	12.641	0.979538	523.012
BoxFilter for Pixel32fC4 and filter size (21 x 21)	174.081	1162.09	1.72372	11.5927	0.056547	0.170499	1.59334	11.3364	1.78893	12.3156	0.9869	572.541
BoxFilter for Pixel8uC1 and filter size (51 x 51)	193.883	4984.48	1.92829	49.8051	0.0513532	0.370341	1.89952	49.3271	2.42483	50.987	4.78769	2482.87
BoxFilter for Pixel8uC3 and filter size (51 x 51)	284.34	6153.23	2.82571	61.4978	0.144594	0.549908	2.6071	59.7863	3.40147	63.061	5.8672	2076.36
BoxFilter for Pixel8uC4 and filter size (51 x 51)	288.777	6944.92	2.86985	69.4142	0.073313	0.426401	2.8393	68.0407	3.35235	70.9007	6.65444	2318.74
BoxFilter for Pixel16uC1 and filter size (51 x 51)	153.298	3931.83	1.32408	39.2844	0.165502	0.432101	1.25344	38.2259	2.70848	40.7685	3.79604	2866.93
BoxFilter for Pixel16uC3 and filter size (51 x 51)	417.048	6668.02	4.14983	66.6407	0.109943	0.624621	3.82566	65.6956	4.71523	69.2849	6.24908	1505.87
BoxFilter for Pixel16uC4 and filter size (51 x 51)	399.088	6863.77	3.97032	68.5993	0.0972046	0.636138	3.67923	66.8281	4.4288	70.999	6.4629	1627.8
BoxFilter for Pixel32fC1 and filter size (51 x 51)	223.433	3731.92	2.21647	37.2831	0.0689914	0.596311	2.07421	36.4442	2.53338	39.1322	3.50666	1582.09
BoxFilter for Pixel32fC3 and filter size (51 x 51)	582.807	6763.13	5.80347	67.5891	0.144064	0.579261	5.36474	65.879	6.29248	69.4751	6.17856	1064.63
BoxFilter for Pixel32fC4 and filter size (51 x 51)	830.394	6510.08	8.27942	65.0658	0.148912	0.412861	7.70662	64.1249	8.75606	66.5241	5.67863	685.873
BoxFilter for Pixel8uC1 and filter size (101 x 101)	418.91	19165.7	4.16946	191.612	0.0865416	0.879049	4.11104	189.529	4.61107	195.218	18.7443	4495.62
BoxFilter for Pixel8uC3 and filter size (101 x 101)	952.893	24143.2	9.50316	241.383	0.116038	1.16558	9.37472	238.554	10.0004	245.036	23.188	2440.03
BoxFilter for Pixel8uC4 and filter size (101 x 101)	977.595	27192.9	9.74942	271.878	0.132135	1.25328	9.68685	265.527	10.4673	273.759	26.2129	2688.66
BoxFilter for Pixel16uC1 and filter size (101 x 101)	330.421	15121.3	3.28694	151.05	0.116494	0.783349	3.10579	148.351	3.80314	153.933	14.7763	4495.46
BoxFilter for Pixel16uC3 and filter size (101 x 101)	1214.38	26149.1	12.1137	261.346	0.316499	2.25182	11.1308	258.297	12.798	279.751	24.9232	2057.44
BoxFilter for Pixel16uC4 and filter size (101 x 101)	1287.52	26468.6	12.8435	264.636	0.406044	1.38535	11.8323	260.168	14.0308	267.645	25.1793	1960.47
BoxFilter for Pixel32fC1 and filter size (101 x 101)	611.809	14203.3	6.09505	141.991	0.130275	0.828775	5.73645	140.056	6.57613	144.755	13.5896	2229.6
BoxFilter for Pixel32fC3 and filter size (101 x 101)	2857.3	26576.8	28.5409	265.718	0.514775	1.47881	27.2005	261.326	29.9264	269.171	23.7177	831.006
BoxFilter for Pixel32fC4 and filter size (101 x 101)	3354.91	26875.3	33.5163	268.704	0.555761	0.522233	31.6611	267.333	34.7781	269.904	23.5188	701.712
BoxFilter for Pixel8uC1 and filter size (151 x 151)	688.557	42678.8	6.86139	426.738	0.103191	1.53741	6.74694	423.284	7.38406	432.17	41.9876	6119.41
BoxFilter for Pixel8uC3 and filter size (151 x 151)	2144.57	53923	21.4159	539.179	0.180422	1.52422	21.3512	530.968	22.1133	541.988	51.7763	2417.66
BoxFilter for Pixel8uC4 and filter size (151 x 151)	2089.84	60187.8	20.8618	601.822	0.164162	2.0695	20.7798	594.739	21.4528	608.354	58.096	2784.8
BoxFilter for Pixel16uC1 and filter size (151 x 151)	556.064	33582.2	5.39647	335.773	0.125364	1.27128	5.06368	332.619	6.17062	340.432	33.0376	6122.07
BoxFilter for Pixel16uC3 and filter size (151 x 151)	2293.7	59189.1	22.9036	591.835	0.50678	1.42134	21.5746	588.598	24.1203	595.544	56.8931	2484.02
BoxFilter for Pixel16uC4 and filter size (151 x 151)	2370.38	59354.4	23.6722	593.492	0.512663	2.42878	22.2536	585.258	24.7909	599.319	56.982	2407.13
BoxFilter for Pixel32fC1 and filter size (151 x 151)	1081.75	31608.1	10.7876	316.031	0.250296	1.53083	9.97584	312.457	11.9429	319.879	30.5243	2829.58
BoxFilter for Pixel32fC3 and filter size (151 x 151)	5691.85	59749.2	56.8843	597.436	0.637872	2.75608	53.9064	591.056	58.3034	604.948	54.0552	950.266
BoxFilter for Pixel32fC4 and filter size (151 x 151)	4907.27	59806.7	49.0304	598.012	0.668322	0.696311	45.8127	596.372	50.704	602.162	54.8982	1119.68
ColumnWindowSum for Pixel8uC1 and filter size (1 x 11)	29.8271	31.9508	0.283757	0.300726	0.00453504	0.0032195	0.279552	0.295936	0.316448	0.321216	0.00169693	5.98024
ColumnWindowSum for Pixel8uC3 and filter size (1 x 11)	51.5697	54.8106	0.501988	0.534302	0.0616599	0.0214098	0.475136	0.502784	0.932928	0.562176	0.00323142	6.43726
ColumnWindowSum for Pixel8uC4 and filter size (1 x 11)	96.3759	96.0379	0.949942	0.94637	0.0399934	0.0203959	0.918528	0.917504	1.28797	1.00346	-0.000357211	-0.377449
ColumnWindowSum for Pixel16uC1 and filter size (1 x 11)	30.5848	32.4024	0.287979	0.311204	0.00539547	0.00474676	0.283648	0.30416	0.314368	0.3328	0.00232251	8.06486
ColumnWindowSum for Pixel16uC3 and filter size (1 x 11)	59.6183	61.7526	0.578855	0.603688	0.0478239	0.0153739	0.557056	0.595968	0.955072	0.750592	0.00248329	4.29001
ColumnWindowSum for Pixel16uC4 and filter size (1 x 11)	115.175	116.271	1.13687	1.14549	0.0180593	0.0331642	1.11206	1.12013	1.22774	1.4271	0.000861835	0.758072
RowWindowSum for Pixel8uC1 and filter size (11 x 1)	19.9342	30.0012	0.17717	0.286739	0.00261155	0.00245174	0.173056	0.282624	0.195584	0.303104	0.0109569	61.8443
RowWindowSum for Pixel8uC3 and filter size (11 x 1)	44.7222	49.5688	0.43202	0.481214	0.0596911	0.00297698	0.416768	0.47616	0.85392	0.497664	0.00491935	11.3868
RowWindowSum for Pixel8uC4 and filter size (11 x 1)	98.2201	97.2083	0.967172	0.957319	0.065513	0.0269492	0.933888	0.930784	1.39264	1.04333	-0.000985295	-1.02923
RowWindowSum for Pixel16uC1 and filter size (11 x 1)	20.3254	25.9185	0.180957	0.24621	0.00365857	0.00282251	0.176128	0.241664	0.215136	0.263168	0.00652525	36.0596
RowWindowSum for Pixel16uC3 and filter size (11 x 1)	50.2323	51.8482	0.485371	0.504951	0.0422671	0.0160231	0.465792	0.488448	0.866304	0.55808	0.00195802	4.03406
RowWindowSum for Pixel16uC4 and filter size (11 x 1)	116.353	116.274	1.14626	1.14601	0.0514462	0.0529302	1.11616	1.10182	1.56742	1.61258	-2.46525e-05	-0.0215073
LowPassFilter for Pixel8uC1 and filter size (3 x 3)	12.0371	55.4811	0.102949	0.541321	0.0162475	0.0470385	0.078848	0.482304	0.190464	0.687264	0.0438372	425.814
LowPassFilter for Pixel8uC3 and filter size (3 x 3)	42.9117	64.469	0.412385	0.630376	0.00441121	0.0251887	0.408576	0.5712	0.436224	0.847776	0.0217991	52.861
LowPassFilter for Pixel8uC4 and filter size (3 x 3)	16.7752	67.9537	0.150603	0.665868	0.00738822	0.0410715	0.146432	0.631744	0.222912	0.982016	0.0515265	342.133
LowPassFilter for Pixel16uC1 and filter size (3 x 3)	11.7207	15.8454	0.0961034	0.141523	0.019363	0.00835875	0.077824	0.130048	0.198656	0.181088	0.00454195	47.2611
LowPassFilter for Pixel16uC3 and filter size (3 x 3)	28.8635	34.347	0.275598	0.329974	0.00199219	0.00720103	0.273408	0.316416	0.288512	0.35328	0.00543754	19.7299
LowPassFilter for Pixel16uC4 and filter size (3 x 3)	27.519	33.8278	0.261018	0.324946	0.00340349	0.00329345	0.259072	0.319488	0.277568	0.345088	0.00639275	24.4916
LowPassFilter for Pixel32fC1 and filter size (3 x 3)	15.6324	18.4504	0.1337	0.171887	0.0331117	0.00317203	0.121856	0.166912	0.420864	0.192512	0.00381867	28.5614
LowPassFilter for Pixel32fC3 and filter size (3 x 3)	112.743	112.804	1.11219	1.1053	0.0448648	0.0168426	1.09046	1.0855	1.51757	1.16326	-0.000688541	-0.62294
LowPassFilter for Pixel32fC4 and filter size (3 x 3)	149.97	151.465	1.48481	1.49853	0.0203657	0.0527508	1.45818	1.46602	1.53088	1.88723	0.001372	0.924026
LowPassFilter for Pixel8uC1 and filter size (5 x 5)	15.2463	61.6697	0.138067	0.601945	0.0167171	0.0125092	0.113632	0.522432	0.278368	0.630112	0.0463878	335.98
LowPassFilter for Pixel8uC3 and filter size (5 x 5)	33.4542	66.473	0.321882	0.651355	0.00516748	0.0277195	0.316416	0.630784	0.370432	0.923392	0.0329473	102.358
LowPassFilter for Pixel8uC4 and filter size (5 x 5)	22.9765	76.8381	0.214663	0.754333	0.0051004	0.0192971	0.210944	0.664544	0.264032	0.812032	0.053967	251.403
LowPassFilter for Pixel16uC1 and filter size (5 x 5)	15.9754	22.0979	0.140239	0.208454	0.00861604	0.00323517	0.131072	0.203776	0.19968	0.227328	0.00682148	48.6418
LowPassFilter for Pixel16uC3 and filter size (5 x 5)	41.0071	70.3744	0.393532	0.689946	0.00470088	0.0147131	0.390144	0.667648	0.429056	0.716736	0.0296414	75.3214
LowPassFilter for Pixel16uC4 and filter size (5 x 5)	35.1501	62.9002	0.33814	0.614753	0.00560133	0.0261487	0.333824	0.58368	0.3736	0.652128	0.0276614	81.8046
LowPassFilter for Pixel32fC1 and filter size (5 x 5)	23.0332	31.2003	0.212471	0.297119	0.010849	0.00582392	0.207872	0.288768	0.287744	0.316416	0.00846477	39.8396
LowPassFilter for Pixel32fC3 and filter size (5 x 5)	113.335	113.527	1.11798	1.1209	0.0349275	0.0131767	1.09651	1.10368	1.4377	1.16736	0.000292158	0.26133
LowPassFilter for Pixel32fC4 and filter size (5 x 5)	150.259	152.667	1.48681	1.50838	0.0204676	0.0889368	1.46195	1.47456	1.54419	2.30992	0.00215688	1.45067
GaussFilter for Pixel8uC1 and filter size (3 x 3)	11.5282	58.751	0.0999613	0.570636	0.0124146	0.0325533	0.078848	0.543648	0.122464	0.84992	0.0470675	470.857
GaussFilter for Pixel8uC3 and filter size (3 x 3)	42.7042	65.8248	0.411372	0.643562	0.00432298	0.019064	0.405504	0.55296	0.429056	0.6912	0.0232189	56.4426
GaussFilter for Pixel8uC4 and filter size (3 x 3)	16.5847	68.7378	0.152163	0.67225	0.0138954	0.0411385	0.147456	0.5888	0.263168	1.00787	0.0520087	341.796
GaussFilter for Pixel16uC1 and filter size (3 x 3)	11.7873	18.9583	0.100201	0.177368	0.0195869	0.0212109	0.077824	0.173056	0.196608	0.386048	0.00771667	77.0117
GaussFilter for Pixel16uC3 and filter size (3 x 3)	29.2741	38.057	0.278498	0.367266	0.0148543	0.0082771	0.270336	0.350208	0.401408	0.384992	0.00887686	31.8741
GaussFilter for Pixel16uC4 and filter size (3 x 3)	27.22	33.6323	0.258362	0.322682	0.00204233	0.0899538	0.256736	0.3072	0.270336	1.19885	0.00643206	24.8956
GaussFilter for Pixel32fC1 and filter size (3 x 3)	15.9058	18.8551	0.138253	0.176262	0.0489278	0.00142146	0.123968	0.172032	0.50752	0.184288	0.00380091	27.4924
GaussFilter for Pixel32fC3 and filter size (3 x 3)	111.756	111.88	1.10274	1.10229	0.0320859	0.0146211	1.08134	1.08032	1.38816	1.14893	-4.49896e-05	-0.0408173
GaussFilter for Pixel32fC4 and filter size (3 x 3)	150.23	151.525	1.4873	1.4964	0.0193807	0.0567999	1.4631	1.4592	1.54202	1.91795	0.000909817	0.611725
GaussFilter for Pixel8uC1 and filter size (5 x 5)	15.2873	25.1525	0.138296	0.238818	0.00929349	0.0164627	0.115808	0.233472	0.172032	0.401248	0.0100523	72.6868
GaussFilter for Pixel8uC3 and filter size (5 x 5)	33.664	53.4417	0.322061	0.512026	0.00610652	0.00986768	0.31744	0.492544	0.36352	0.5888	0.0189965	58.9842
GaussFilter for Pixel8uC4 and filter size (5 x 5)	24.5422	44.4787	0.226917	0.431476	0.069735	0.00971618	0.20992	0.417792	0.852992	0.504832	0.0204559	90.1472
GaussFilter for Pixel16uC1 and filter size (5 x 5)	15.6314	24.6098	0.138565	0.233088	0.00566163	0.00399042	0.131072	0.227328	0.176128	0.252928	0.00945225	68.2151
GaussFilter for Pixel16uC3 and filter size (5 x 5)	42.3342	55.2724	0.395193	0.537162	0.00595316	0.064266	0.382976	0.509952	0.421888	0.817152	0.0141969	35.924
GaussFilter for Pixel16uC4 and filter size (5 x 5)	34.8621	51.2676	0.335128	0.498504	0.00656567	0.0783464	0.33168	0.44544	0.390144	1.26656	0.0163376	48.7502
GaussFilter for Pixel32fC1 and filter size (5 x 5)	22.398	23.2571	0.210811	0.220021	0.00294772	0.0025528	0.207872	0.21504	0.231424	0.239616	0.000921048	4.36906
GaussFilter for Pixel32fC3 and filter size (5 x 5)	113.314	113.403	1.11832	1.11929	0.0418678	0.056709	1.0967	1.09466	1.52269	1.55034	9.69648e-05	0.0867004
GaussFilter for Pixel32fC4 and filter size (5 x 5)	150.125	151.428	1.48607	1.49474	0.0201947	0.0491353	1.46192	1.46432	1.53872	1.93818	0.000866711	0.583221
GaussFilter for Pixel8uC1 and filter size (7 x 7)	15.7757	31.0774	0.139686	0.297212	0.00459217	0.00232468	0.134144	0.292864	0.175872	0.314208	0.0157526	112.771
GaussFilter for Pixel8uC3 and filter size (7 x 7)	41.2744	68.183	0.399222	0.668149	0.00690046	0.00711016	0.392192	0.661504	0.421888	0.693056	0.0268926	67.3625
GaussFilter for Pixel8uC4 and filter size (7 x 7)	26.626	59.5348	0.251071	0.581057	0.00824912	0.00375537	0.241664	0.575488	0.323584	0.603136	0.0329986	131.431
GaussFilter for Pixel16uC1 and filter size (7 x 7)	17.5534	31.0641	0.1611	0.296589	0.00338078	0.00583879	0.156672	0.28672	0.17792	0.319488	0.0135489	84.1027
GaussFilter for Pixel16uC3 and filter size (7 x 7)	52.1588	72.2606	0.50762	0.707868	0.0147999	0.0105709	0.493568	0.692224	0.561152	0.735136	0.0200248	39.4485
GaussFilter for Pixel16uC4 and filter size (7 x 7)	43.3267	69.0473	0.414327	0.67181	0.0152177	0.00734474	0.404192	0.658432	0.525312	0.715776	0.0257483	62.1449
GaussFilter for Pixel32fC1 and filter size (7 x 7)	28.7152	28.9897	0.270948	0.275573	0.0763588	0.00725832	0.256	0.270336	1.00864	0.343968	0.000462469	1.70685
GaussFilter for Pixel32fC3 and filter size (7 x 7)	114.394	112.828	1.1265	1.11306	0.0708573	0.0102376	1.09862	1.09638	1.68038	1.14166	-0.0013445	-1.20794
GaussFilter for Pixel32fC4 and filter size (7 x 7)	150.046	151.909	1.4854	1.49929	0.0194601	0.0634618	1.46227	1.46307	1.53805	1.92378	0.0013891	0.935173
GaussFilter for Pixel8uC1 and filter size (9 x 9)	17.3916	36.9777	0.161289	0.356928	0.0183793	0.00632428	0.155424	0.350208	0.31824	0.382592	0.0195639	121.297
GaussFilter for Pixel8uC3 and filter size (9 x 9)	48.8798	82.1873	0.474523	0.806886	0.041429	0.00929459	0.464896	0.791552	0.828128	0.832128	0.0332363	70.0415
GaussFilter for Pixel8uC4 and filter size (9 x 9)	31.6293	75.6511	0.298099	0.742068	0.00386784	0.0183629	0.288768	0.69632	0.318464	0.783296	0.0443969	148.933
GaussFilter for Pixel16uC1 and filter size (9 x 9)	20.3176	37.0545	0.189199	0.356809	0.00693579	0.00791966	0.183296	0.346112	0.231488	0.379904	0.016761	88.5896
GaussFilter for Pixel16uC3 and filter size (9 x 9)	64.7844	89.2182	0.629745	0.877802	0.0712959	0.0443804	0.603136	0.846848	1.11683	1.2961	0.0248057	39.3901
GaussFilter for Pixel16uC4 and filter size (9 x 9)	52.6367	83.4787	0.51233	0.818749	0.0202362	0.0242932	0.487424	0.782336	0.595968	0.87552	0.0306419	59.809
GaussFilter for Pixel32fC1 and filter size (9 x 9)	32.5857	35.3004	0.310624	0.339782	0.00593614	0.00385661	0.306176	0.32672	0.33792	0.351936	0.00291582	9.38696
GaussFilter for Pixel32fC3 and filter size (9 x 9)	114.518	112.881	1.12906	1.11435	0.0765511	0.0101468	1.09978	1.0967	1.73226	1.14688	-0.00147057	-1.31966
GaussFilter for Pixel32fC4 and filter size (9 x 9)	150.299	152.134	1.48571	1.50271	0.0215712	0.0724725	1.46022	1.46432	1.5697	1.95789	0.00169957	1.14394
GaussFilter for Pixel8uC1 and filter size (11 x 11)	19.1662	43.0572	0.179076	0.416455	0.00707008	0.00444385	0.174112	0.411648	0.242688	0.438304	0.0237379	132.558
GaussFilter for Pixel8uC3 and filter size (11 x 11)	55.7261	106.505	0.543322	1.04542	0.0306285	0.0228548	0.536576	1.024	0.8448	1.20832	0.0502099	92.4128
GaussFilter for Pixel8uC4 and filter size (11 x 11)	36.6295	90.7336	0.352735	0.890528	0.0114544	0.0126394	0.34816	0.830464	0.464864	0.923648	0.0537793	152.464
GaussFilter for Pixel16uC1 and filter size (11 x 11)	24.5312	43.4995	0.228755	0.414323	0.0811472	0.0180683	0.214016	0.405504	1.00464	0.538624	0.0185568	81.1209
GaussFilter for Pixel16uC3 and filter size (11 x 11)	74.4407	113.065	0.723697	1.10995	0.0169294	0.0632215	0.713536	1.03907	0.885696	1.46816	0.0386255	53.3724
GaussFilter for Pixel16uC4 and filter size (11 x 11)	60.0097	95.0333	0.584119	0.93566	0.00387157	0.0403608	0.575552	0.857088	0.595808	1.01581	0.0351541	60.1832
GaussFilter for Pixel32fC1 and filter size (11 x 11)	37.3854	40.9938	0.361076	0.395455	0.00332402	0.00346312	0.3584	0.390144	0.37888	0.417792	0.00343788	9.52121
GaussFilter for Pixel32fC3 and filter size (11 x 11)	114.396	114.607	1.12282	1.12932	0.0158332	0.047622	1.10285	1.11098	1.2184	1.59334	0.000650013	0.578903
GaussFilter for Pixel32fC4 and filter size (11 x 11)	150.27	151.692	1.48551	1.49596	0.0195707	0.0560474	1.46022	1.4633	1.53498	1.91488	0.00104553	0.703812
GaussFilter for Pixel8uC1 and filter size (13 x 13)	21.1733	50.3882	0.198935	0.489899	0.00335216	0.00462027	0.194496	0.4864	0.221152	0.52224	0.0290964	146.26
GaussFilter for Pixel8uC3 and filter size (13 x 13)	64.1577	126.54	0.626116	1.24913	0.0152456	0.0274983	0.60928	1.21856	0.660448	1.29734	0.0623017	99.5051
GaussFilter for Pixel8uC4 and filter size (13 x 13)	41.5643	105.663	0.402261	1.042	0.0258795	0.0217473	0.395264	1.00416	0.650208	1.07405	0.0639737	159.036
GaussFilter for Pixel16uC1 and filter size (13 x 13)	25.9912	51.841	0.245499	0.504594	0.00403901	0.0116122	0.24064	0.477184	0.277504	0.533504	0.0259095	105.538
GaussFilter for Pixel16uC3 and filter size (13 x 13)	87.5469	132.206	0.857914	1.30467	0.0267021	0.0510839	0.819968	1.25539	0.900096	1.40173	0.0446758	52.0748
GaussFilter for Pixel16uC4 and filter size (13 x 13)	69.4478	111.536	0.679545	1.09879	0.00539726	0.0522996	0.668672	1.05165	0.70656	1.41107	0.0419249	61.6955
GaussFilter for Pixel32fC1 and filter size (13 x 13)	43.5855	48.3741	0.419493	0.469612	0.00845443	0.0301789	0.411552	0.457728	0.461824	0.76672	0.00501192	11.9476
GaussFilter for Pixel32fC3 and filter size (13 x 13)	119.933	124.706	1.17718	1.22943	0.0330082	0.0771892	1.1447	1.1991	1.26157	1.83808	0.00522534	4.43885
GaussFilter for Pixel32fC4 and filter size (13 x 13)	150.553	152.432	1.48962	1.50506	0.042632	0.0909732	1.46112	1.46944	1.86061	2.17914	0.00154421	1.03666
GaussFilter for Pixel8uC1 and filter size (15 x 15)	25.8266	57.3952	0.236606	0.557869	0.106024	0.00927903	0.215904	0.544864	1.22886	0.58368	0.0321263	135.78
GaussFilter for Pixel8uC3 and filter size (15 x 15)	71.5151	138.733	0.700668	1.37224	0.0174891	0.0397799	0.68176	1.33325	0.748544	1.52669	0.0671575	95.8478
GaussFilter for Pixel8uC4 and filter size (15 x 15)	46.4517	114.044	0.449223	1.12587	0.0463451	0.0211891	0.439232	1.09363	0.90624	1.16531	0.067665	150.627
GaussFilter for Pixel16uC1 and filter size (15 x 15)	29.0662	54.8884	0.275938	0.535751	0.00362883	0.00565184	0.269312	0.529408	0.299008	0.565248	0.0259813	94.1561
GaussFilter for Pixel16uC3 and filter size (15 x 15)	99.9639	145.42	0.984131	1.43352	0.0480305	0.0504616	0.931616	1.39261	1.27891	1.54624	0.0449393	45.664
GaussFilter for Pixel16uC4 and filter size (15 x 15)	78.7847	127.348	0.772005	1.25802	0.015588	0.0717629	0.75776	1.20115	0.850944	1.38752	0.0486017	62.9552
GaussFilter for Pixel32fC1 and filter size (15 x 15)	49.1162	54.4	0.477893	0.529922	0.01057	0.00731715	0.467968	0.516096	0.49728	0.550688	0.00520287	10.8871
GaussFilter for Pixel32fC3 and filter size (15 x 15)	138.942	140.083	1.37232	1.38385	0.0587304	0.0587264	1.28922	1.34963	1.64762	1.84218	0.00115254	0.839844
GaussFilter for Pixel32fC4 and filter size (15 x 15)	153.325	152.486	1.51106	1.50588	0.109892	0.0550513	1.4703	1.4807	2.45248	1.93536	-0.000517881	-0.34391
GaussAdvancedFilter for Pixel8uC1 and filter size (7 x 7)	16.5652	64.0195	0.151879	0.625637	0.00241213	0.019066	0.149344	0.509088	0.16896	0.724992	0.0473758	311.932
GaussAdvancedFilter for Pixel8uC3 and filter size (7 x 7)	50.4658	85.5914	0.489262	0.841996	0.0536834	0.00954413	0.474112	0.831488	0.795648	0.911104	0.0352734	72.0952
GaussAdvancedFilter for Pixel8uC4 and filter size (7 x 7)	34.2163	62.21	0.326126	0.606159	0.00367237	0.0396072	0.321536	0.577536	0.344704	0.901152	0.0280033	85.8664
GaussAdvancedFilter for Pixel16uC1 and filter size (7 x 7)	18.9819	57.6389	0.175714	0.562104	0.00306507	0.0315699	0.173056	0.544768	0.195232	0.856	0.038639	219.897
GaussAdvancedFilter for Pixel16uC3 and filter size (7 x 7)	62.0831	88.747	0.604657	0.873547	0.00446332	0.0163528	0.598016	0.838656	0.623616	0.90624	0.026889	44.4699
GaussAdvancedFilter for Pixel16uC4 and filter size (7 x 7)	49.7777	82.7668	0.482514	0.812077	0.0635435	0.0186946	0.457728	0.779264	0.974848	0.86496	0.0329563	68.3013
GaussAdvancedFilter for Pixel32fC1 and filter size (7 x 7)	32.3676	55.9575	0.305599	0.545631	0.0898062	0.00792148	0.285696	0.524288	1.00045	0.566272	0.0240032	78.5446
GaussAdvancedFilter for Pixel32fC3 and filter size (7 x 7)	114.028	113.912	1.12472	1.12103	0.0553215	0.0331967	1.09875	1.1008	1.55126	1.43565	-0.000369501	-0.329613
GaussAdvancedFilter for Pixel32fC4 and filter size (7 x 7)	151.63	151.682	1.49957	1.50067	0.0756544	0.0110066	1.46432	1.48173	1.9208	1.536	0.000110102	0.0734177
GaussAdvancedFilter for Pixel8uC1 and filter size (9 x 9)	18.8652	62.0995	0.174317	0.6074	0.0027534	0.00972609	0.167968	0.600064	0.18944	0.679936	0.0433083	248.445
GaussAdvancedFilter for Pixel8uC3 and filter size (9 x 9)	59.945	107.081	0.581397	1.05405	0.0429163	0.0373809	0.571392	1.03936	1.0025	1.37088	0.047265	81.2955
GaussAdvancedFilter for Pixel8uC4 and filter size (9 x 9)	43.0224	77.5496	0.412594	0.761694	0.00583136	0.00532177	0.405568	0.751616	0.434176	0.780192	0.03491	84.6112
GaussAdvancedFilter for Pixel16uC1 and filter size (9 x 9)	22.6775	64.0031	0.21214	0.626222	0.00558325	0.00916728	0.207872	0.594944	0.259072	0.649088	0.0414082	195.192
GaussAdvancedFilter for Pixel16uC3 and filter size (9 x 9)	77.1902	110.842	0.755942	1.09352	0.0337002	0.0171914	0.731968	1.08134	1.06394	1.2544	0.0337579	44.6568
GaussAdvancedFilter for Pixel16uC4 and filter size (9 x 9)	57.7732	96.7608	0.563155	0.95315	0.0102432	0.0500175	0.555744	0.88064	0.646144	1.28886	0.0389995	69.2518
GaussAdvancedFilter for Pixel32fC1 and filter size (9 x 9)	37.1579	60.4837	0.35004	0.589023	0.00396378	0.0138288	0.344064	0.572416	0.370688	0.625664	0.0238983	68.2732
GaussAdvancedFilter for Pixel32fC3 and filter size (9 x 9)	113.557	117.465	1.12032	1.15195	0.00934008	0.0450901	1.10384	1.1223	1.14176	1.58106	0.00316294	2.82324
GaussAdvancedFilter for Pixel32fC4 and filter size (9 x 9)	151.696	152.195	1.4975	1.50678	0.0723458	0.00934008	1.46426	1.48992	1.89546	1.53907	0.000927496	0.619362
GaussAdvancedFilter for Pixel8uC1 and filter size (11 x 11)	66.6707	77.0817	0.652112	0.754517	0.0247263	0.040458	0.641088	0.7424	0.891904	1.14861	0.0102405	15.7036
GaussAdvancedFilter for Pixel8uC3 and filter size (11 x 11)	87.208	127.93	0.85222	1.26088	0.00720705	0.00545408	0.836608	1.2503	0.872448	1.2809	0.0408655	47.9518
GaussAdvancedFilter for Pixel8uC4 and filter size (11 x 11)	72.1152	93.1983	0.704362	0.916046	0.00826313	0.00494262	0.692224	0.909312	0.730112	0.934912	0.0211684	30.0533
GaussAdvancedFilter for Pixel16uC1 and filter size (11 x 11)	44.7437	77.4769	0.433712	0.760616	0.0317831	0.014265	0.42688	0.741376	0.745472	0.790528	0.0326904	75.3735
GaussAdvancedFilter for Pixel16uC3 and filter size (11 x 11)	94.5798	134.28	0.9307	1.32763	0.0455949	0.0444758	0.910144	1.3015	1.33837	1.71712	0.0396929	42.6484
GaussAdvancedFilter for Pixel16uC4 and filter size (11 x 11)	73.9819	113.703	0.725429	1.11878	0.00414553	0.039027	0.7168	1.09158	0.740192	1.43456	0.0393351	54.2232
GaussAdvancedFilter for Pixel32fC1 and filter size (11 x 11)	54.8427	76.0494	0.534641	0.744415	0.00391856	0.0126972	0.530432	0.7168	0.559104	0.770048	0.0209774	39.2365
GaussAdvancedFilter for Pixel32fC3 and filter size (11 x 11)	131.943	135.958	1.30372	1.34236	0.0503943	0.0511005	1.2288	1.30765	1.64352	1.69786	0.00386387	2.96372
GaussAdvancedFilter for Pixel32fC4 and filter size (11 x 11)	153.006	153.439	1.51465	1.51929	0.077262	0.0101012	1.47968	1.50016	1.9456	1.55238	0.000463891	0.306274
GaussAdvancedFilter for Pixel8uC1 and filter size (21 x 21)	113.476	127.295	1.11956	1.25786	0.0221267	0.0203922	1.10285	1.2288	1.32813	1.29242	0.01383	12.3531
GaussAdvancedFilter for Pixel8uC3 and filter size (21 x 21)	148.929	238.283	1.47259	2.36334	0.0213558	0.124548	1.4377	2.3255	1.50086	3.39251	0.0890753	60.4889
GaussAdvancedFilter for Pixel8uC4 and filter size (21 x 21)	126.833	189.552	1.2528	1.8746	0.0556195	0.0397935	1.22342	1.78381	1.70266	1.94662	0.0621804	49.6332
GaussAdvancedFilter for Pixel16uC1 and filter size (21 x 21)	79.1122	1178.82	0.771761	11.7614	0.02115	0.265407	0.75776	11.5032	0.928768	12.7048	1.09897	1423.97
GaussAdvancedFilter for Pixel16uC3 and filter size (21 x 21)	178.58	1809.28	1.76774	18.0278	0.119134	0.338647	1.64454	17.3373	2.43587	18.9245	1.626	919.821
GaussAdvancedFilter for Pixel16uC4 and filter size (21 x 21)	144.476	1678.26	1.42848	16.7473	0.0480088	0.507033	1.37011	16.1096	1.49789	18.901	1.53189	1072.39
GaussAdvancedFilter for Pixel32fC1 and filter size (21 x 21)	101.007	1104.47	0.989882	11.0172	0.0251842	0.25473	0.949248	10.711	1.0496	12.0709	1.00273	1012.98
GaussAdvancedFilter for Pixel32fC3 and filter size (21 x 21)	232.525	1635.33	2.30416	16.3179	0.0486562	0.385148	2.1719	15.532	2.3511	17.6916	1.40138	608.195
GaussAdvancedFilter for Pixel32fC4 and filter size (21 x 21)	196.768	1560.42	1.94745	15.5714	0.113964	0.180695	1.83296	15.367	2.56803	16.3604	1.3624	699.58
GaussAdvancedFilter for Pixel8uC1 and filter size (51 x 51)	274.42	660.971	2.72683	6.58804	0.103272	0.0812354	2.67856	6.50483	3.43245	7.11085	0.38612	141.6
GaussAdvancedFilter for Pixel8uC3 and filter size (51 x 51)	433.919	767.391	4.31857	7.64726	0.0973884	0.109836	4.1656	7.45062	4.81766	7.9944	0.332869	77.0785
GaussAdvancedFilter for Pixel8uC4 and filter size (51 x 51)	375.397	682.777	3.73491	6.80611	0.107997	0.141804	3.69357	6.53005	4.78003	7.51392	0.30712	82.2295
GaussAdvancedFilter for Pixel16uC1 and filter size (51 x 51)	205.947	6788.93	2.03847	67.8506	0.0850705	1.05783	1.94253	65.8289	2.53952	69.8817	6.58122	3228.51
GaussAdvancedFilter for Pixel16uC3 and filter size (51 x 51)	532.247	10728.3	5.30171	107.246	0.133176	1.00063	4.91418	104.998	6.11206	109.469	10.1944	1922.86
GaussAdvancedFilter for Pixel16uC4 and filter size (51 x 51)	480.44	9839.35	4.7829	98.3552	0.124654	0.871113	4.49126	95.6518	5.71392	100.197	9.35723	1956.39
GaussAdvancedFilter for Pixel32fC1 and filter size (51 x 51)	292.689	6356.7	2.9064	63.5327	0.0814779	0.661676	2.74534	62.3534	3.0505	65.886	6.06263	2085.96
GaussAdvancedFilter for Pixel32fC3 and filter size (51 x 51)	711.82	9794.97	7.09178	97.9105	0.118018	0.699477	6.62323	95.1716	7.56736	99.1979	9.08187	1280.62
GaussAdvancedFilter for Pixel32fC4 and filter size (51 x 51)	707.403	9460.7	7.05013	94.5696	0.196504	1.18572	6.50035	92.3279	7.8848	97.5841	8.75195	1241.39
GaussAdvancedFilter for Pixel8uC1 and filter size (101 x 101)	621.877	28339.9	6.19462	283.335	0.123342	2.67706	6.09485	274.673	6.76966	290.973	27.714	4473.89
GaussAdvancedFilter for Pixel8uC3 and filter size (101 x 101)	1496.84	40746.4	14.8649	407.411	0.186127	2.91634	14.7425	397.899	15.9314	413.332	39.2546	2640.76
GaussAdvancedFilter for Pixel8uC4 and filter size (101 x 101)	1235.09	37693.1	12.253	376.88	0.130634	2.48836	12.1498	364.06	12.8246	383.365	36.4627	2975.81
GaussAdvancedFilter for Pixel16uC1 and filter size (101 x 101)	489.326	26210.2	4.8695	262.05	0.127829	2.3826	4.61824	257.012	5.39341	266.491	25.7181	5281.46
GaussAdvancedFilter for Pixel16uC3 and filter size (101 x 101)	1513.92	43178.5	15.1078	431.731	0.369782	1.77525	13.8619	426.451	16.2119	437.911	41.6623	2757.67
GaussAdvancedFilter for Pixel16uC4 and filter size (101 x 101)	1391.61	39837.7	13.8811	398.326	0.421141	2.68554	12.7529	386.164	15.0794	404.647	38.4445	2769.55
GaussAdvancedFilter for Pixel32fC1 and filter size (101 x 101)	798.691	24652.8	7.96165	246.478	0.179243	1.84363	7.42797	242.28	8.87296	249.923	23.8516	2995.81
GaussAdvancedFilter for Pixel32fC3 and filter size (101 x 101)	3547.74	39569.6	35.4433	395.64	0.551771	0.984732	33.2237	391.954	36.948	399.247	36.0196	1016.26
GaussAdvancedFilter for Pixel32fC4 and filter size (101 x 101)	2527.46	38574.6	25.2409	385.689	0.547391	2.6381	23.1209	370.15	26.7704	392.642	36.0448	1428.03
GaussAdvancedFilter for Pixel8uC1 and filter size (151 x 151)	1058.41	64747.7	10.5581	647.408	0.137764	4.63626	10.4498	632.763	11.4368	659.109	63.685	6031.86
GaussAdvancedFilter for Pixel8uC3 and filter size (151 x 151)	3429.06	92350.2	34.2596	923.429	0.209467	3.8873	34.1494	909.044	34.9611	932.931	88.9169	2595.38
GaussAdvancedFilter for Pixel8uC4 and filter size (151 x 151)	2547.12	86249.4	25.4409	862.442	0.180422	3.00841	25.3348	848.803	26.1233	871.971	83.7001	3289.99
GaussAdvancedFilter for Pixel16uC1 and filter size (151 x 151)	806.618	60204.5	8.04347	601.988	0.157805	5.21071	7.57248	589.505	8.83789	615.971	59.3944	7384.18
GaussAdvancedFilter for Pixel16uC3 and filter size (151 x 151)	2832.85	98015	28.2754	979.992	0.591528	8.5138	26.1069	966.126	29.9561	1000.84	95.1716	3365.88
GaussAdvancedFilter for Pixel16uC4 and filter size (151 x 151)	2636.16	92112.2	26.328	921.069	0.461593	4.95638	24.7265	911.62	27.5004	931.825	89.4741	3398.44
GaussAdvancedFilter for Pixel32fC1 and filter size (151 x 151)	1395.66	55707.6	13.904	557.02	0.339897	2.86392	12.6853	550.836	14.9955	567.577	54.3116	3906.18
GaussAdvancedFilter for Pixel32fC3 and filter size (151 x 151)	7675.95	91433.8	76.7042	914.285	0.728219	1.5042	73.3798	912.078	78.6493	924.918	83.758	1091.96
GaussAdvancedFilter for Pixel32fC4 and filter size (151 x 151)	4467.2	87504.5	44.636	874.992	0.765001	2.29184	41.1505	866.933	46.08	879.269	83.0356	1860.29
AffineTransformation for Pixel8uC1 and interpolation mode NearestNeighbor	15.095	14.7825	0.136845	0.130772	0.011118	0.00563925	0.120832	0.121856	0.177312	0.151168	-0.000607298	-4.64393
AffineTransformation for Pixel8uC3 and interpolation mode NearestNeighbor	26.2779	24.5576	0.243748	0.229883	0.00285812	0.0140367	0.24064	0.22528	0.262144	0.367616	-0.00138644	-6.03104
AffineTransformation for Pixel8uC4 and interpolation mode NearestNeighbor	19.3834	18.295	0.178322	0.166274	0.00473025	0.0829195	0.17408	0.151552	0.216064	0.9728	-0.0012048	-7.24589
AffineTransformation for Pixel16uC1 and interpolation mode NearestNeighbor	16.3072	16.3318	0.1439	0.146933	0.0148784	0.00764817	0.13824	0.130048	0.258048	0.167936	0.000303231	2.10722
AffineTransformation for Pixel16uC3 and interpolation mode NearestNeighbor	36.2076	31.2497	0.349125	0.293808	0.0302854	0.00757142	0.339968	0.288768	0.637856	0.344064	-0.00553172	-18.8277
AffineTransformation for Pixel16uC4 and interpolation mode NearestNeighbor	24.8567	22.0121	0.235577	0.207653	0.00221541	0.000880603	0.234336	0.2048	0.249856	0.214016	-0.00279243	-13.4476
AffineTransformation for Pixel32fC1 and interpolation mode NearestNeighbor	19.1816	16.8049	0.178627	0.154445	0.00999125	0.00165984	0.17408	0.151552	0.26864	0.16896	-0.00241818	-15.6573
AffineTransformation for Pixel32fC3 and interpolation mode NearestNeighbor	92.0628	88.4326	0.904932	0.869857	0.0529091	0.0168152	0.87744	0.850944	1.27181	0.920576	-0.00350758	-4.03236
AffineTransformation for Pixel32fC4 and interpolation mode NearestNeighbor	139.196	138.829	1.3767	1.36923	0.0300942	0.0509766	1.34112	1.328	1.44486	1.78278	-0.000746715	-0.545357
AffineTransformation for Pixel8uC1 and interpolation mode Linear	21.5779	19.9191	0.193476	0.18682	0.080446	0.00291444	0.1792	0.182272	0.984064	0.20576	-0.000665592	-3.56274
AffineTransformation for Pixel8uC3 and interpolation mode Linear	37.6924	36.7462	0.360005	0.354158	0.00419519	0.0058115	0.355328	0.349184	0.384	0.40304	-0.000584716	-1.651
AffineTransformation for Pixel8uC4 and interpolation mode Linear	22.5792	23.455	0.212488	0.220736	0.00810481	0.00287911	0.206848	0.216064	0.288544	0.24064	0.000824825	3.88175
AffineTransformation for Pixel16uC1 and interpolation mode Linear	18.0286	18.3101	0.164755	0.170547	0.00632104	0.0131575	0.160768	0.164864	0.221184	0.285696	0.000579235	3.51573
AffineTransformation for Pixel16uC3 and interpolation mode Linear	44.2238	40.9284	0.426951	0.396274	0.00829686	0.00345616	0.420864	0.394272	0.484224	0.419616	-0.00306769	-7.74132
AffineTransformation for Pixel16uC4 and interpolation mode Linear	29.2567	28.0689	0.271889	0.267574	0.021367	0.00687773	0.265216	0.26112	0.44016	0.329728	-0.000431514	-1.6127
AffineTransformation for Pixel32fC1 and interpolation mode Linear	21.3258	18.9594	0.194885	0.176704	0.00170916	0.00669102	0.191488	0.175104	0.204544	0.238464	-0.00181811	-10.289
AffineTransformation for Pixel32fC3 and interpolation mode Linear	97.6026	98.2313	0.961184	0.967644	0.0486617	0.0543085	0.93696	0.942752	1.40662	1.38029	0.000645989	0.672081
AffineTransformation for Pixel32fC4 and interpolation mode Linear	139.916	140.704	1.38404	1.38567	0.0288576	0.0596082	1.3455	1.34138	1.4592	1.80707	0.000162673	0.117538
AffineTransformation for Pixel8uC1 and interpolation mode CubicLagrange	36.4649	52.5579	0.349961	0.510153	0.00999378	0.00554342	0.344064	0.502784	0.4352	0.550912	0.0160191	45.774
AffineTransformation for Pixel8uC3 and interpolation mode CubicLagrange	122.47	121.861	1.20909	1.20315	0.0592906	0.00511878	1.19296	1.19808	1.71315	1.22675	-0.000593698	-0.493454
AffineTransformation for Pixel8uC4 and interpolation mode CubicLagrange	58.0384	61.3816	0.564132	0.599452	0.0258613	0.0402465	0.557056	0.581504	0.816128	0.937984	0.00353197	6.26089
AffineTransformation for Pixel16uC1 and interpolation mode CubicLagrange	35.8718	41.3954	0.340172	0.399863	0.06198	0.00383532	0.328704	0.39424	0.95232	0.418784	0.0059691	17.5473
AffineTransformation for Pixel16uC3 and interpolation mode CubicLagrange	119.194	118.989	1.17508	1.17486	0.0546847	0.0064867	1.16122	1.16838	1.71117	1.2032	-2.23756e-05	-0.0190506
AffineTransformation for Pixel16uC4 and interpolation mode CubicLagrange	60.4529	61.4648	0.590789	0.600863	0.0124706	0.00444602	0.576448	0.590848	0.612352	0.620544	0.00100732	1.70505
AffineTransformation for Pixel32fC1 and interpolation mode CubicLagrange	33.5036	43.5016	0.321017	0.421826	0.00279852	0.00625228	0.31744	0.413696	0.342016	0.44544	0.0100809	31.4029
AffineTransformation for Pixel32fC3 and interpolation mode CubicLagrange	120.796	121.053	1.19072	1.1957	0.0493357	0.00869928	1.15302	1.18477	1.49683	1.24688	0.000497544	0.417854
AffineTransformation for Pixel32fC4 and interpolation mode CubicLagrange	135.191	137.263	1.33688	1.34685	0.0206438	0.073868	1.3097	1.30749	1.40083	1.87152	0.00099684	0.745644
PerspectiveTransformation for Pixel8uC1 and interpolation mode NearestNeighbor	15.2395	15.6509	0.133516	0.142433	0.0077669	0.00115611	0.131072	0.141312	0.192512	0.147456	0.000891706	6.67868
PerspectiveTransformation for Pixel8uC3 and interpolation mode NearestNeighbor	26.7561	24.961	0.254717	0.237155	0.00349358	0.00191954	0.251904	0.233472	0.281568	0.251904	-0.00175621	-7.4053
PerspectiveTransformation for Pixel8uC4 and interpolation mode NearestNeighbor	19.2829	16.5642	0.180351	0.15227	0.0111332	0.00372446	0.175104	0.149504	0.289696	0.183296	-0.00280812	-18.4418
PerspectiveTransformation for Pixel16uC1 and interpolation mode NearestNeighbor	16.1693	15.8689	0.14144	0.142429	0.002434	0.0076283	0.13824	0.137216	0.156416	0.210912	9.88781e-05	0.699081
PerspectiveTransformation for Pixel16uC3 and interpolation mode NearestNeighbor	37.7212	31.574	0.35938	0.302538	0.0057949	0.00360753	0.35328	0.297984	0.379904	0.328704	-0.00568422	-18.7885
PerspectiveTransformation for Pixel16uC4 and interpolation mode NearestNeighbor	25.6696	22.7348	0.235971	0.214155	0.00242508	0.002021	0.232448	0.210944	0.257024	0.226304	-0.00218163	-10.1872
PerspectiveTransformation for Pixel32fC1 and interpolation mode NearestNeighbor	20.1984	16.4485	0.186531	0.151108	0.0408972	0.000947779	0.1792	0.14848	0.586752	0.15872	-0.00354227	-23.4419
PerspectiveTransformation for Pixel32fC3 and interpolation mode NearestNeighbor	54.9294	52.9768	0.535691	0.513529	0.0123978	0.0555788	0.524352	0.493568	0.612352	0.845824	-0.00221626	-4.31574
PerspectiveTransformation for Pixel32fC4 and interpolation mode NearestNeighbor	123.709	124.325	1.2195	1.22496	0.0222327	0.0231064	1.18851	1.19066	1.27965	1.28717	0.000546169	0.447861
PerspectiveTransformation for Pixel8uC1 and interpolation mode Linear	20.2763	22.316	0.188837	0.20899	0.00793636	0.090046	0.18432	0.193536	0.26112	1.09363	0.00201536	10.6725
PerspectiveTransformation for Pixel8uC3 and interpolation mode Linear	37.8952	37.0125	0.364382	0.357159	0.0029379	0.00252338	0.360448	0.35328	0.384	0.374784	-0.000722331	-2.02243
PerspectiveTransformation for Pixel8uC4 and interpolation mode Linear	24.8975	26.6332	0.236368	0.253831	0.00257253	0.000883334	0.232448	0.249856	0.25584	0.258048	0.00174624	7.3878
PerspectiveTransformation for Pixel16uC1 and interpolation mode Linear	18.7876	19.5676	0.174886	0.18323	0.0126845	0.0014893	0.17184	0.180224	0.281824	0.193408	0.000834377	4.77098
PerspectiveTransformation for Pixel16uC3 and interpolation mode Linear	43.8498	40.5074	0.424289	0.391452	0.00456574	0.0038441	0.41984	0.386048	0.444416	0.41152	-0.00328364	-8.38834
PerspectiveTransformation for Pixel16uC4 and interpolation mode Linear	29.342	29.9838	0.28039	0.282946	0.00353606	0.0108083	0.278528	0.277504	0.305152	0.376832	0.000255612	0.911629
PerspectiveTransformation for Pixel32fC1 and interpolation mode Linear	21.2737	19.369	0.200328	0.180535	0.00932486	0.00681123	0.196608	0.176128	0.29184	0.244736	-0.00197937	-10.9639
PerspectiveTransformation for Pixel32fC3 and interpolation mode Linear	65.9681	63.614	0.645278	0.622486	0.00645693	0.00770573	0.63568	0.60928	0.675584	0.641888	-0.00227916	-3.66138
PerspectiveTransformation for Pixel32fC4 and interpolation mode Linear	124.782	127.175	1.23265	1.24372	0.0235687	0.0201144	1.19782	1.21213	1.30048	1.30429	0.00110673	0.897835
PerspectiveTransformation for Pixel8uC1 and interpolation mode CubicLagrange	39.7179	55.8029	0.378017	0.543674	0.00936326	0.00488774	0.372736	0.532384	0.45248	0.563072	0.0165658	43.8229
PerspectiveTransformation for Pixel8uC3 and interpolation mode CubicLagrange	124.761	124.485	1.22668	1.22926	0.00628149	0.00485611	1.21856	1.2247	1.24826	1.24723	0.000257993	0.21032
PerspectiveTransformation for Pixel8uC4 and interpolation mode CubicLagrange	65.2186	68.693	0.638173	0.668278	0.00624149	0.10063	0.632832	0.64	0.68608	1.49709	0.00301053	4.71742
PerspectiveTransformation for Pixel16uC1 and interpolation mode CubicLagrange	36.009	44.289	0.346045	0.419866	0.00353742	0.0144461	0.338944	0.395264	0.36336	0.492544	0.00738215	21.3329
PerspectiveTransformation for Pixel16uC3 and interpolation mode CubicLagrange	121.817	121.977	1.20301	1.20422	0.00850215	0.00623222	1.19398	1.1991	1.22368	1.22656	0.00012089	0.100494
PerspectiveTransformation for Pixel16uC4 and interpolation mode CubicLagrange	76.2738	75.6808	0.74845	0.741884	0.00669138	0.00481627	0.7424	0.738304	0.809984	0.770048	-0.000656629	-0.885078
PerspectiveTransformation for Pixel32fC1 and interpolation mode CubicLagrange	35.5451	45.6214	0.341797	0.442402	0.00363016	0.0173997	0.330752	0.422912	0.367616	0.48832	0.0100604	29.434
PerspectiveTransformation for Pixel32fC3 and interpolation mode CubicLagrange	120.185	120.82	1.18721	1.19293	0.0326254	0.00649857	1.16531	1.17965	1.49402	1.21446	0.000571942	0.48175
PerspectiveTransformation for Pixel32fC4 and interpolation mode CubicLagrange	123.341	123.742	1.2189	1.22195	0.0206513	0.0351891	1.18886	1.18963	1.2768	1.50733	0.000304353	0.249695
QualityIndex for Pixel8uC1	20.5575	175.95	0.19195	1.74637	0.0222663	0.0521543	0.15232	1.62099	0.338816	1.97939	0.155442	809.804
QualityIndex for Pixel8uC3	24.3497	178.122	0.23106	1.76925	0.00700747	0.109361	0.227328	1.67322	0.299008	2.50573	0.153819	665.707
QualityIndex for Pixel16uC1	19.2102	178.873	0.177187	1.77591	0.0222543	0.0565279	0.146304	1.66605	0.338944	1.99168	0.159872	902.281
QualityIndex for Pixel16uC3	25.2089	174.039	0.238669	1.72813	0.0157707	0.0820491	0.23552	1.56058	0.392192	1.9967	0.148946	624.069
QualityIndex for Pixel32fC1	20.6131	165.894	0.193323	1.64699	0.0303513	0.308106	0.16896	1.50128	0.338848	4.56272	0.145367	751.941
QualityIndex for Pixel32fC3	130.357	405.367	1.28884	4.04079	0.00684509	0.122529	1.2807	3.90246	1.31584	4.88029	0.275196	213.523
Max for Pixel8uC1	17.462	60.0177	0.1607	0.585793	0.0195277	0.0743272	0.120096	0.52528	0.253952	1.30867	0.0425093	264.525
Max for Pixel8uC3	18.1432	18.5048	0.168945	0.170791	0.026867	0.0280634	0.139264	0.142336	0.384	0.349216	0.000184645	1.09293
Max for Pixel8uC4	19.0631	58.8188	0.175411	0.574157	0.0206483	0.0175825	0.134144	0.538624	0.30384	0.688128	0.0398746	227.321
Max for Pixel16uC1	18.3501	57.9676	0.170474	0.566287	0.0243379	0.00651338	0.118784	0.543744	0.35328	0.5888	0.0395813	232.183
Max for Pixel16uC3	19.6178	19.0095	0.1829	0.175328	0.0316367	0.0163238	0.143232	0.144384	0.432128	0.241664	-0.000757156	-4.31851
Max for Pixel16uC4	20.2301	65.0199	0.187022	0.635692	0.0269894	0.0668017	0.144032	0.590848	0.369664	0.989184	0.044867	239.903
Max for Pixel32fC1	19.284	17.8282	0.179366	0.165395	0.0292392	0.0126495	0.138976	0.134144	0.31216	0.193536	-0.00139709	-8.44698
Max for Pixel32fC3	18.1515	18.7023	0.169188	0.174948	0.0331567	0.0115917	0.159648	0.171008	0.461664	0.288832	0.000576061	3.40485
Max for Pixel32fC4	20.2459	21.8349	0.190184	0.205937	0.00932305	0.00144581	0.185344	0.202752	0.253952	0.219136	0.00157535	8.28332
Mean for Pixel8uC1	17.7692	60.1357	0.164424	0.587662	0.0255089	0.0396907	0.139264	0.562176	0.31504	0.87552	0.0423238	257.406
Mean for Pixel8uC3	20.5937	19.4243	0.193293	0.17907	0.0275179	0.0197859	0.13888	0.143264	0.356352	0.283328	-0.00142237	-7.94308
Mean for Pixel8uC4	18.7259	67.8555	0.173334	0.664454	0.0222305	0.0146593	0.137184	0.628352	0.308224	0.715776	0.049112	283.338
Mean for Pixel16uC1	19.4652	58.9896	0.181374	0.576146	0.0257855	0.0140115	0.137216	0.483072	0.31104	0.625504	0.0394771	217.655
Mean for Pixel16uC3	19.8502	21.7119	0.182098	0.202554	0.0139593	0.024824	0.145408	0.174048	0.26112	0.279552	0.0020456	11.2335
Mean for Pixel16uC4	18.4699	76.67	0.171661	0.751814	0.024298	0.0799505	0.15872	0.68608	0.316416	1.23494	0.0580152	337.963
Mean for Pixel32fC1	18.5334	17.9466	0.172937	0.166976	0.0293926	0.0195875	0.145408	0.135168	0.354304	0.31216	-0.00059613	-3.57015
Mean for Pixel32fC3	19.1427	21.4865	0.176198	0.202651	0.0152643	0.000694013	0.169024	0.19968	0.282624	0.20464	0.00264531	15.0133
Mean for Pixel32fC4	21.9484	25.5171	0.204087	0.241806	0.00514647	0.00528271	0.201728	0.237568	0.229376	0.27136	0.00377192	18.4819
MeanStd for Pixel8uC1	20.8845	79.3007	0.195109	0.778552	0.0331996	0.0194076	0.146432	0.753664	0.361472	0.926368	0.0583443	299.035
MeanStd for Pixel8uC3	20.5732	139.975	0.191779	1.38508	0.0166359	0.0944551	0.159744	1.36397	0.243456	2.28659	0.11933	622.228
MeanStd for Pixel16uC1	21.6997	80.8205	0.202634	0.79225	0.143267	0.0464427	0.149376	0.755456	1.50118	0.946176	0.0589616	290.975
MeanStd for Pixel16uC3	22.3181	141.019	0.206966	1.39528	0.0433016	0.0645192	0.149504	1.36806	0.519168	1.72237	0.118832	574.162
MeanStd for Pixel32fC1	20.7258	45.4246	0.193824	0.441655	0.019986	0.0254989	0.149376	0.396288	0.294912	0.562368	0.0247831	127.864
MeanStd for Pixel32fC3	20.8099	142.078	0.195431	1.40433	0.0161819	0.103755	0.18944	1.37421	0.325632	2.3767	0.12089	618.58
MSE for Pixel8uC1	19.0516	25.2406	0.177657	0.239216	0.0315269	0.0315897	0.143424	0.196608	0.32448	0.398528	0.00615588	34.6504
MSE for Pixel8uC3	24.395	22.6161	0.227136	0.214187	0.028178	0.0216203	0.165888	0.177152	0.289792	0.351232	-0.00129494	-6.04585
